t_stamp,625523135561,xVal,-0.019153614,yVal,-0.3421464,zVal,9.915886
t_stamp,625541799839,xVal,-0.011971008,yVal,-0.3445406,zVal,9.920674
t_stamp,625560493680,xVal,-0.078933835,yVal,-0.3900304,zVal,9.913491
t_stamp,625579158373,xVal,-0.14597149,yVal,-0.43552026,zVal,9.901521
t_stamp,625597826491,xVal,-0.11963527,yVal,-0.46896425,zVal,9.911098
t_stamp,625616481632,xVal,-0.038307227,yVal,-0.44988546,zVal,9.899126
t_stamp,625635148436,xVal,0.031124622,yVal,-0.40678984,zVal,9.901521
t_stamp,625653808634,xVal,0.02873042,yVal,-0.36848262,zVal,9.930176
t_stamp,625672499137,xVal,-0.011971008,yVal,-0.36848262,zVal,9.923068
t_stamp,625691149123,xVal,-0.033518825,yVal,-0.40918404,zVal,9.901521
t_stamp,625709829574,xVal,-0.06696283,yVal,-0.42354923,zVal,9.889549
t_stamp,625728500400,xVal,-0.062249243,yVal,-0.42594343,zVal,9.889549
t_stamp,625747165493,xVal,-0.062249243,yVal,-0.43312606,zVal,9.913491
t_stamp,625765830680,xVal,-0.08372224,yVal,-0.40918404,zVal,9.927856
t_stamp,625784491191,xVal,-0.055066638,yVal,-0.3565116,zVal,9.915886
t_stamp,625803170329,xVal,-0.0023942017,yVal,-0.3613,zVal,9.889549
t_stamp,625821819690,xVal,0.047884032,yVal,-0.41397244,zVal,9.889549
t_stamp,625840507398,xVal,0.038307227,yVal,-0.44749126,zVal,9.91828
t_stamp,625859153218,xVal,-0.038307227,yVal,-0.43312606,zVal,9.896732
t_stamp,625877840336,xVal,-0.11005846,yVal,-0.39960724,zVal,9.901521
t_stamp,625896491248,xVal,-0.12921207,yVal,-0.38045362,zVal,9.925463
t_stamp,625915155166,xVal,-0.07175123,yVal,-0.37327102,zVal,9.915886
t_stamp,625933849907,xVal,-0.019153614,yVal,-0.3924246,zVal,9.927856
t_stamp,625952503511,xVal,0.007182605,yVal,-0.42833763,zVal,9.925463
t_stamp,625971168024,xVal,0.023942016,yVal,-0.44030866,zVal,9.911098
t_stamp,625989849793,xVal,-0.009576807,yVal,-0.42594343,zVal,9.901521
t_stamp,626008514020,xVal,-0.016759412,yVal,-0.40200144,zVal,9.911098
t_stamp,626027161083,xVal,-0.023942016,yVal,-0.37327102,zVal,9.937359
t_stamp,626045848061,xVal,-0.09090485,yVal,-0.37087682,zVal,9.949329
t_stamp,626064496594,xVal,-0.10048165,yVal,-0.41636664,zVal,9.93257
t_stamp,626083184856,xVal,-0.076539636,yVal,-0.47135845,zVal,9.927856
t_stamp,626101838341,xVal,-0.038307227,yVal,-0.47854108,zVal,9.923068
t_stamp,626120497503,xVal,0.021547815,yVal,-0.41876084,zVal,9.925463
t_stamp,626139178849,xVal,0.016759412,yVal,-0.3660884,zVal,9.934964
t_stamp,626157851918,xVal,-0.047884032,yVal,-0.37087682,zVal,9.923068
t_stamp,626176512398,xVal,-0.076539636,yVal,-0.3876362,zVal,9.913491
t_stamp,626195189942,xVal,-0.055066638,yVal,-0.42115504,zVal,9.903914
t_stamp,626213842996,xVal,-0.031124622,yVal,-0.44749126,zVal,9.911098
t_stamp,626232507959,xVal,-0.02633622,yVal,-0.45459905,zVal,9.923068
t_stamp,626251181058,xVal,-0.035913024,yVal,-0.41636664,zVal,9.908703
t_stamp,626269851481,xVal,-0.021547815,yVal,-0.36848262,zVal,9.911098
t_stamp,626288506736,xVal,0.01436521,yVal,-0.36848262,zVal,9.925463
t_stamp,626307190029,xVal,0.035913024,yVal,-0.397213,zVal,9.911098
t_stamp,626325451869,xVal,0.0023942017,yVal,-0.41636664,zVal,9.913491
t_stamp,626344143167,xVal,-0.08611644,yVal,-0.40678984,zVal,9.913491
t_stamp,626362786465,xVal,-0.13160628,yVal,-0.41157824,zVal,9.894338
t_stamp,626381454716,xVal,-0.09090485,yVal,-0.42594343,zVal,9.896732
t_stamp,626400146479,xVal,-0.045489833,yVal,-0.43791446,zVal,9.915886
t_stamp,626418813123,xVal,-0.009576807,yVal,-0.44509706,zVal,9.927856
t_stamp,626437471273,xVal,-0.009576807,yVal,-0.43073186,zVal,9.923068
t_stamp,626456136822,xVal,-0.038307227,yVal,-0.40678984,zVal,9.93257
t_stamp,626474813767,xVal,-0.033518825,yVal,-0.37805942,zVal,9.934964
t_stamp,626493485381,xVal,-0.047884032,yVal,-0.3636942,zVal,9.906309
t_stamp,626512139643,xVal,-0.062249243,yVal,-0.37566522,zVal,9.93257
t_stamp,626530806759,xVal,-0.059855044,yVal,-0.41876084,zVal,9.944541
t_stamp,626549486852,xVal,-0.064568624,yVal,-0.42833763,zVal,9.915886
t_stamp,626568132102,xVal,-0.035913024,yVal,-0.41876084,zVal,9.920674
t_stamp,626586799905,xVal,0.47854108,yVal,-0.3660884,zVal,10.777274
t_stamp,626605470662,xVal,0.7968203,yVal,-0.75133044,zVal,10.351331
t_stamp,626624135443,xVal,0.42354923,yVal,-0.8996961,zVal,9.439664
t_stamp,626642829194,xVal,0.02873042,yVal,-0.41397244,zVal,10.073753
t_stamp,626661481370,xVal,-0.17949031,yVal,-0.43073186,zVal,10.255638
t_stamp,626680156762,xVal,-0.04309563,yVal,-0.5599439,zVal,9.958906
t_stamp,626698805869,xVal,0.062249243,yVal,-0.49530047,zVal,9.903914
t_stamp,626717487781,xVal,-0.031124622,yVal,-0.41397244,zVal,9.93257
t_stamp,626736139020,xVal,-0.06935703,yVal,-0.3397522,zVal,9.84406
t_stamp,626754830711,xVal,-0.033518825,yVal,-0.37327102,zVal,9.930176
t_stamp,626773478979,xVal,0.011971008,yVal,-0.397213,zVal,9.97806
t_stamp,626792146207,xVal,0.0023942017,yVal,-0.42115504,zVal,9.894338
t_stamp,626810812443,xVal,-0.055066638,yVal,-0.44030866,zVal,9.934964
t_stamp,626829503572,xVal,-0.08611644,yVal,-0.44270286,zVal,9.915886
t_stamp,626848149436,xVal,-0.08611644,yVal,-0.41157824,zVal,9.896732
t_stamp,626866829685,xVal,-0.047884032,yVal,-0.37805942,zVal,9.937359
t_stamp,626885507709,xVal,0.0047884034,yVal,-0.37087682,zVal,9.882367
t_stamp,626904149202,xVal,0.01436521,yVal,-0.3924246,zVal,9.91828
t_stamp,626922826730,xVal,-0.023942016,yVal,-0.43073186,zVal,9.915886
t_stamp,626941507500,xVal,-0.035913024,yVal,-0.43791446,zVal,9.925463
t_stamp,626960157971,xVal,-0.02873042,yVal,-0.43552026,zVal,9.925463
t_stamp,626978836401,xVal,-0.06935703,yVal,-0.3445406,zVal,9.956512
t_stamp,626997489245,xVal,-0.078933835,yVal,-0.30391398,zVal,9.899126
t_stamp,627016170016,xVal,-0.04309563,yVal,-0.37327102,zVal,9.896732
t_stamp,627034850809,xVal,-0.038307227,yVal,-0.39960724,zVal,9.927856
t_stamp,627053513560,xVal,-0.05267244,yVal,-0.37087682,zVal,9.858425
t_stamp,627072161482,xVal,-0.019153614,yVal,-0.38284782,zVal,9.889549
t_stamp,627090842039,xVal,0.0,yVal,-0.40678984,zVal,9.930176
t_stamp,627108078976,xVal,-0.064568624,yVal,-0.397213,zVal,9.934964
t_stamp,627126756738,xVal,-0.093299046,yVal,-0.397213,zVal,9.887156
t_stamp,627145427563,xVal,-0.05746084,yVal,-0.397213,zVal,9.899126
t_stamp,627164082969,xVal,-0.031124622,yVal,-0.43073186,zVal,9.915886
t_stamp,627182739936,xVal,-0.007182605,yVal,-0.44749126,zVal,9.853637
t_stamp,627201429843,xVal,0.0047884034,yVal,-0.42354923,zVal,9.851242
t_stamp,627220080928,xVal,-0.01436521,yVal,-0.397213,zVal,9.896732
t_stamp,627238771661,xVal,-0.019153614,yVal,-0.38045362,zVal,9.906309
t_stamp,627257432070,xVal,-0.035913024,yVal,-0.37327102,zVal,9.927856
t_stamp,627276085333,xVal,-0.07414544,yVal,-0.38284782,zVal,9.934964
t_stamp,627294755964,xVal,-0.093299046,yVal,-0.3924246,zVal,9.91828
t_stamp,627313422505,xVal,-0.07175123,yVal,-0.41636664,zVal,9.906309
t_stamp,627332082237,xVal,-0.031124622,yVal,-0.40918404,zVal,9.889549
t_stamp,627350754912,xVal,0.0047884034,yVal,-0.37087682,zVal,9.911098
t_stamp,627369431780,xVal,-0.0047884034,yVal,-0.3876362,zVal,9.934964
t_stamp,627388113351,xVal,-0.04309563,yVal,-0.40678984,zVal,9.927856
t_stamp,627406778395,xVal,-0.05267244,yVal,-0.3948188,zVal,9.91828
t_stamp,627425439422,xVal,-0.05746084,yVal,-0.42115504,zVal,9.908703
t_stamp,627444095247,xVal,-0.05746084,yVal,-0.43791446,zVal,9.899126
t_stamp,627462767857,xVal,-0.05746084,yVal,-0.41636664,zVal,9.896732
t_stamp,627481428418,xVal,-0.047884032,yVal,-0.3924246,zVal,9.908703
t_stamp,627500117883,xVal,-0.035913024,yVal,-0.37566522,zVal,9.903914
t_stamp,627518778721,xVal,-0.007182605,yVal,-0.3948188,zVal,9.899126
t_stamp,627537447699,xVal,0.0047884034,yVal,-0.43073186,zVal,9.913491
t_stamp,627556103680,xVal,-0.021547815,yVal,-0.43552026,zVal,9.915886
t_stamp,627574765391,xVal,-0.05267244,yVal,-0.41876084,zVal,9.899126
t_stamp,627593457877,xVal,-0.08372224,yVal,-0.41636664,zVal,9.906309
t_stamp,627612112908,xVal,-0.08611644,yVal,-0.40678984,zVal,9.925463
t_stamp,627630767180,xVal,-0.05267244,yVal,-0.38045362,zVal,9.927856
t_stamp,627649446745,xVal,-0.02873042,yVal,-0.40439564,zVal,9.923068
t_stamp,627668196138,xVal,-0.009576807,yVal,-0.42115504,zVal,9.920674
t_stamp,627686786357,xVal,-0.011971008,yVal,-0.41157824,zVal,9.903914
t_stamp,627705453221,xVal,-0.033518825,yVal,-0.3876362,zVal,9.891944
t_stamp,627724107384,xVal,-0.047884032,yVal,-0.3900304,zVal,9.877579
t_stamp,627742794247,xVal,-0.047884032,yVal,-0.41636664,zVal,9.884761
t_stamp,627761458541,xVal,-0.05267244,yVal,-0.40200144,zVal,9.920674
t_stamp,627780111293,xVal,-0.06696283,yVal,-0.40439564,zVal,9.908703
t_stamp,627798797532,xVal,-0.04309563,yVal,-0.41636664,zVal,9.908703
t_stamp,627817461432,xVal,-0.007182605,yVal,-0.40200144,zVal,9.923068
t_stamp,627836122577,xVal,-0.016759412,yVal,-0.41157824,zVal,9.942147
t_stamp,627854776485,xVal,-0.04309563,yVal,-0.3948188,zVal,9.954118
t_stamp,627873445387,xVal,-0.055066638,yVal,-0.37566522,zVal,9.937359
t_stamp,627892137205,xVal,-0.05746084,yVal,-0.40678984,zVal,9.93257
t_stamp,627909932367,xVal,-0.062249243,yVal,-0.41876084,zVal,9.920674
t_stamp,627928621406,xVal,-0.05746084,yVal,-0.43312606,zVal,9.915886
t_stamp,627947286114,xVal,-0.038307227,yVal,-0.42594343,zVal,9.937359
t_stamp,627965953674,xVal,-0.019153614,yVal,-0.41397244,zVal,9.925463
t_stamp,627984614401,xVal,-0.011971008,yVal,-0.41157824,zVal,9.896732
t_stamp,628003281003,xVal,-0.02633622,yVal,-0.3948188,zVal,9.899126
t_stamp,628021933820,xVal,-0.02633622,yVal,-0.397213,zVal,9.908703
t_stamp,628040616521,xVal,-0.035913024,yVal,-0.40439564,zVal,9.906309
t_stamp,628059294581,xVal,-0.064568624,yVal,-0.41157824,zVal,9.915886
t_stamp,628077941256,xVal,-0.06935703,yVal,-0.40439564,zVal,9.911098
t_stamp,628096629055,xVal,-0.055066638,yVal,-0.40200144,zVal,9.899126
t_stamp,628115282530,xVal,-0.045489833,yVal,-0.40678984,zVal,9.903914
t_stamp,628133963651,xVal,-0.02873042,yVal,-0.397213,zVal,9.915886
t_stamp,628152611765,xVal,-0.021547815,yVal,-0.40200144,zVal,9.942147
t_stamp,628171296940,xVal,-0.01436521,yVal,-0.40439564,zVal,9.925463
t_stamp,628189960161,xVal,-0.01436521,yVal,-0.3948188,zVal,9.915886
t_stamp,628208609274,xVal,-0.04309563,yVal,-0.37805942,zVal,9.91828
t_stamp,628227278325,xVal,-0.059855044,yVal,-0.3924246,zVal,9.913491
t_stamp,628245964125,xVal,-0.064568624,yVal,-0.40439564,zVal,9.906309
t_stamp,628264629306,xVal,-0.062249243,yVal,-0.39960724,zVal,9.896732
t_stamp,628283306404,xVal,-0.031124622,yVal,-0.3900304,zVal,9.906309
t_stamp,628301958175,xVal,-0.02633622,yVal,-0.397213,zVal,9.925463
t_stamp,628320614105,xVal,-0.033518825,yVal,-0.3948188,zVal,9.946936
t_stamp,628339292533,xVal,-0.04070143,yVal,-0.3948188,zVal,9.939753
t_stamp,628357952213,xVal,-0.035913024,yVal,-0.41157824,zVal,9.949329
t_stamp,628376627255,xVal,-0.035913024,yVal,-0.3948188,zVal,9.937359
t_stamp,628395296049,xVal,-0.059855044,yVal,-0.40200144,zVal,9.920674
t_stamp,628413962822,xVal,-0.062249243,yVal,-0.40678984,zVal,9.913491
t_stamp,628432648019,xVal,-0.050278235,yVal,-0.39960724,zVal,9.915886
t_stamp,628451299106,xVal,-0.047884032,yVal,-0.42115504,zVal,9.923068
t_stamp,628469972032,xVal,-0.04070143,yVal,-0.43791446,zVal,9.91828
t_stamp,628488628691,xVal,-0.033518825,yVal,-0.42833763,zVal,9.927856
t_stamp,628507311857,xVal,-0.04309563,yVal,-0.42354923,zVal,9.920674
t_stamp,628525966704,xVal,-0.04309563,yVal,-0.41876084,zVal,9.925463
t_stamp,628544642734,xVal,-0.047884032,yVal,-0.40918404,zVal,9.920674
t_stamp,628563305995,xVal,-0.035913024,yVal,-0.40200144,zVal,9.896732
t_stamp,628581975865,xVal,-0.023942016,yVal,-0.40200144,zVal,9.891944
t_stamp,628600646528,xVal,-0.011971008,yVal,-0.41157824,zVal,9.903914
t_stamp,628619307643,xVal,0.0047884034,yVal,-0.41876084,zVal,9.915886
t_stamp,628637965211,xVal,-0.016759412,yVal,-0.40678984,zVal,9.908703
t_stamp,628656655626,xVal,-0.031124622,yVal,-0.40678984,zVal,9.894338
t_stamp,628675330254,xVal,-0.038307227,yVal,-0.40918404,zVal,9.911098
t_stamp,628693967634,xVal,-0.045489833,yVal,-0.41876084,zVal,9.915886
t_stamp,628712158956,xVal,-0.05267244,yVal,-0.42115504,zVal,9.901521
t_stamp,628730808877,xVal,-0.045489833,yVal,-0.42115504,zVal,9.91828
t_stamp,628749483851,xVal,-0.050278235,yVal,-0.41157824,zVal,9.930176
t_stamp,628768142945,xVal,-0.055066638,yVal,-0.40200144,zVal,9.908703
t_stamp,628786818028,xVal,-0.021547815,yVal,-0.40200144,zVal,9.899126
t_stamp,628805470723,xVal,-0.021547815,yVal,-0.3900304,zVal,9.91828
t_stamp,628824164355,xVal,-0.04070143,yVal,-0.3900304,zVal,9.925463
t_stamp,628842832414,xVal,-0.045489833,yVal,-0.40678984,zVal,9.901521
t_stamp,628861473465,xVal,-0.009576807,yVal,-0.50727147,zVal,9.640702
t_stamp,628880150137,xVal,-0.016759412,yVal,-0.50727147,zVal,9.693299
t_stamp,628898833251,xVal,-0.050278235,yVal,-0.40439564,zVal,9.968483
t_stamp,628917474178,xVal,-0.038307227,yVal,-0.40678984,zVal,9.951724
t_stamp,628936158460,xVal,-0.04070143,yVal,-0.40678984,zVal,9.930176
t_stamp,628954837371,xVal,-0.033518825,yVal,-0.38284782,zVal,9.925463
t_stamp,628973479420,xVal,-0.031124622,yVal,-0.397213,zVal,9.908703
t_stamp,628992166493,xVal,-0.05267244,yVal,-0.3924246,zVal,9.894338
t_stamp,629010819164,xVal,-0.06935703,yVal,-0.3900304,zVal,9.906309
t_stamp,629029505913,xVal,-0.007182605,yVal,-0.31109658,zVal,9.939753
t_stamp,629048166834,xVal,0.02633622,yVal,-0.40918404,zVal,9.920674
t_stamp,629066834372,xVal,-0.016759412,yVal,-0.48093528,zVal,9.908703
t_stamp,629085483162,xVal,-0.047884032,yVal,-0.3589058,zVal,9.930176
t_stamp,629104156044,xVal,-0.038307227,yVal,-0.38045362,zVal,9.915886
t_stamp,629122817686,xVal,-0.02633622,yVal,-0.41157824,zVal,9.930176
t_stamp,629141503453,xVal,-0.035913024,yVal,-0.38284782,zVal,9.973271
t_stamp,629160159926,xVal,-0.05267244,yVal,-0.37327102,zVal,9.99482
t_stamp,629178822258,xVal,-0.05267244,yVal,-0.40200144,zVal,9.951724
t_stamp,629197495775,xVal,-0.02873042,yVal,-0.42354923,zVal,9.891944
t_stamp,629216182581,xVal,-0.02873042,yVal,-0.42833763,zVal,9.877579
t_stamp,629234827519,xVal,-0.02633622,yVal,-0.41157824,zVal,9.875184
t_stamp,629253501254,xVal,-0.033518825,yVal,-0.40200144,zVal,9.91828
t_stamp,629272177156,xVal,-0.045489833,yVal,-0.3924246,zVal,9.93257
t_stamp,629290853017,xVal,-0.05746084,yVal,-0.38284782,zVal,9.903914
t_stamp,629309515034,xVal,-0.05746084,yVal,-0.38284782,zVal,9.911098
t_stamp,629328166174,xVal,-0.04070143,yVal,-0.42594343,zVal,9.894338
t_stamp,629346842725,xVal,-0.04309563,yVal,-0.44270286,zVal,9.901521
t_stamp,629365508898,xVal,-0.021547815,yVal,-0.41636664,zVal,9.913491
t_stamp,629384168349,xVal,-0.007182605,yVal,-0.41636664,zVal,9.908703
t_stamp,629402836619,xVal,-0.011971008,yVal,-0.40918404,zVal,9.903914
t_stamp,629421505634,xVal,-0.04070143,yVal,-0.397213,zVal,9.913491
t_stamp,629440174525,xVal,-0.06696283,yVal,-0.41157824,zVal,9.906309
t_stamp,629458834083,xVal,-0.04309563,yVal,-0.43791446,zVal,9.908703
t_stamp,629477522334,xVal,-0.023942016,yVal,-0.42115504,zVal,9.915886
t_stamp,629495044724,xVal,-0.01436521,yVal,-0.40678984,zVal,9.913491
t_stamp,629513728368,xVal,-0.045489833,yVal,-0.42115504,zVal,9.920674
t_stamp,629532381951,xVal,-0.07175123,yVal,-0.397213,zVal,9.915886
t_stamp,629551061750,xVal,-0.04309563,yVal,-0.3924246,zVal,9.911098
t_stamp,629569708375,xVal,-0.04309563,yVal,-0.3948188,zVal,9.901521
t_stamp,629588385197,xVal,-0.038307227,yVal,-0.40200144,zVal,9.920674
t_stamp,629607067632,xVal,-0.019153614,yVal,-0.40678984,zVal,9.923068
t_stamp,629625713090,xVal,-0.04070143,yVal,-0.41876084,zVal,9.911098
t_stamp,629644378941,xVal,-0.06696283,yVal,-0.3948188,zVal,9.930176
t_stamp,629663045177,xVal,-0.05267244,yVal,-0.38284782,zVal,9.911098
t_stamp,629681710839,xVal,-0.02633622,yVal,-0.40200144,zVal,9.882367
t_stamp,629700385461,xVal,-0.033518825,yVal,-0.40678984,zVal,9.906309
t_stamp,629719063919,xVal,-0.045489833,yVal,-0.41876084,zVal,9.913491
t_stamp,629737722317,xVal,-0.031124622,yVal,-0.42833763,zVal,9.901521
t_stamp,629756392075,xVal,-0.033518825,yVal,-0.41636664,zVal,9.911098
t_stamp,629775060478,xVal,-0.04309563,yVal,-0.40918404,zVal,9.906309
t_stamp,629793742752,xVal,-0.031124622,yVal,-0.40200144,zVal,9.887156
t_stamp,629812387967,xVal,-0.033518825,yVal,-0.3876362,zVal,9.903914
t_stamp,629831063682,xVal,-0.021547815,yVal,-0.3948188,zVal,9.915886
t_stamp,629849741981,xVal,-0.021547815,yVal,-0.41157824,zVal,9.930176
t_stamp,629868411423,xVal,-0.035913024,yVal,-0.40678984,zVal,9.927856
t_stamp,629887073362,xVal,-0.02633622,yVal,-0.40678984,zVal,9.906309
t_stamp,629905730802,xVal,-0.05746084,yVal,-0.41397244,zVal,9.920674
t_stamp,629924404664,xVal,-0.08372224,yVal,-0.40200144,zVal,9.911098
t_stamp,629943066465,xVal,-0.06696283,yVal,-0.41397244,zVal,9.913491
t_stamp,629961737962,xVal,-0.05267244,yVal,-0.42115504,zVal,9.915886
t_stamp,629980422437,xVal,-0.047884032,yVal,-0.41157824,zVal,9.891944
t_stamp,629999070603,xVal,-0.04309563,yVal,-0.41636664,zVal,9.908703
t_stamp,630017738773,xVal,-0.04309563,yVal,-0.41636664,zVal,9.91828
t_stamp,630036423331,xVal,-0.033518825,yVal,-0.42354923,zVal,9.911098
t_stamp,630055090172,xVal,-0.023942016,yVal,-0.41876084,zVal,9.891944
t_stamp,630073736616,xVal,-0.05746084,yVal,-0.3924246,zVal,9.896732
t_stamp,630092427203,xVal,-0.06935703,yVal,-0.3924246,zVal,9.923068
t_stamp,630111075855,xVal,-0.047884032,yVal,-0.40678984,zVal,9.93257
t_stamp,630129761258,xVal,-0.038307227,yVal,-0.41636664,zVal,9.930176
t_stamp,630148412444,xVal,-0.01436521,yVal,-0.3900304,zVal,9.913491
t_stamp,630167072753,xVal,-0.021547815,yVal,-0.38524202,zVal,9.901521
t_stamp,630185761693,xVal,-0.038307227,yVal,-0.40439564,zVal,9.901521
t_stamp,630204427853,xVal,-0.04309563,yVal,-0.42594343,zVal,9.91828
t_stamp,630223100408,xVal,-0.02873042,yVal,-0.41397244,zVal,9.925463
t_stamp,630241772061,xVal,0.047884032,yVal,-0.37566522,zVal,9.894338
t_stamp,630260417753,xVal,0.02873042,yVal,-0.3924246,zVal,9.911098
t_stamp,630279093632,xVal,-0.023942016,yVal,-0.38524202,zVal,9.944541
t_stamp,630296859177,xVal,-0.019153614,yVal,-0.3924246,zVal,9.934964
t_stamp,630315537698,xVal,-0.04309563,yVal,-0.397213,zVal,9.925463
t_stamp,630334208874,xVal,-0.047884032,yVal,-0.37805942,zVal,9.913491
t_stamp,630352881777,xVal,-0.46657005,yVal,-0.28954875,zVal,9.925463
t_stamp,630371522802,xVal,-0.85181206,yVal,-0.29194298,zVal,9.925463
t_stamp,630390195682,xVal,-0.26560676,yVal,-0.65563715,zVal,9.894338
t_stamp,630408869833,xVal,0.9164555,yVal,-0.5000889,zVal,9.896732
t_stamp,630427554536,xVal,0.7848492,yVal,-0.25602993,zVal,9.7555485
t_stamp,630446207285,xVal,-0.011971008,yVal,-0.40918404,zVal,9.772308
t_stamp,630464859966,xVal,-0.055066638,yVal,-0.39960724,zVal,9.901521
t_stamp,630483549028,xVal,-0.05746084,yVal,-0.42833763,zVal,9.906309
t_stamp,630502212165,xVal,-0.038307227,yVal,-0.42833763,zVal,9.915886
t_stamp,630520889946,xVal,-0.016759412,yVal,-0.39960724,zVal,9.863214
t_stamp,630539550623,xVal,-0.033518825,yVal,-0.38524202,zVal,9.865607
t_stamp,630558205768,xVal,-0.05267244,yVal,-0.42115504,zVal,9.882367
t_stamp,630576873979,xVal,-0.04070143,yVal,-0.41157824,zVal,9.85603
t_stamp,630595551465,xVal,-0.033518825,yVal,-0.3924246,zVal,9.882367
t_stamp,630614214269,xVal,-0.031124622,yVal,-0.40200144,zVal,9.934964
t_stamp,630632894303,xVal,-0.0023942017,yVal,-0.3948188,zVal,9.882367
t_stamp,630651540777,xVal,-0.01436521,yVal,-0.42833763,zVal,9.863214
t_stamp,630670211844,xVal,-0.04070143,yVal,-0.42833763,zVal,9.934964
t_stamp,630688876783,xVal,-0.02873042,yVal,-0.397213,zVal,9.956512
t_stamp,630707564657,xVal,-0.01436521,yVal,-0.36848262,zVal,10.045097
t_stamp,630726282802,xVal,-0.0023942017,yVal,-0.3565116,zVal,10.047492
t_stamp,630744898380,xVal,0.0,yVal,-0.40678984,zVal,9.915886
t_stamp,630763566758,xVal,-0.01436521,yVal,-0.41636664,zVal,9.901521
t_stamp,630782225925,xVal,-0.050278235,yVal,-0.38524202,zVal,9.923068
t_stamp,630800908778,xVal,-0.062249243,yVal,-0.40200144,zVal,9.927856
t_stamp,630819573351,xVal,-0.05267244,yVal,-0.41157824,zVal,9.939753
t_stamp,630838244208,xVal,-0.038307227,yVal,-0.40200144,zVal,9.920674
t_stamp,630856887012,xVal,-0.02873042,yVal,-0.40200144,zVal,9.889549
t_stamp,630875552473,xVal,-0.04070143,yVal,-0.39960724,zVal,9.91828
t_stamp,630894221851,xVal,-0.033518825,yVal,-0.40439564,zVal,9.915886
t_stamp,630912898997,xVal,-0.035913024,yVal,-0.41636664,zVal,9.925463
t_stamp,630931573052,xVal,-0.050278235,yVal,-0.40918404,zVal,9.934964
t_stamp,630950242239,xVal,-0.019153614,yVal,-0.397213,zVal,9.894338
t_stamp,630968894263,xVal,-0.021547815,yVal,-0.40439564,zVal,9.911098
t_stamp,630987567470,xVal,-0.033518825,yVal,-0.41397244,zVal,9.915886
t_stamp,631006252461,xVal,-0.05267244,yVal,-0.41636664,zVal,9.920674
t_stamp,631024913651,xVal,-0.06696283,yVal,-0.41636664,zVal,9.930176
t_stamp,631043571611,xVal,-0.035913024,yVal,-0.41397244,zVal,9.920674
t_stamp,631062247743,xVal,-0.02633622,yVal,-0.41876084,zVal,9.923068
t_stamp,631080913670,xVal,-0.011971008,yVal,-0.41636664,zVal,9.908703
t_stamp,631099351045,xVal,-0.009576807,yVal,-0.41157824,zVal,9.911098
t_stamp,631118020261,xVal,-0.04309563,yVal,-0.42115504,zVal,9.903914
t_stamp,631136695442,xVal,-0.04070143,yVal,-0.40678984,zVal,9.942147
t_stamp,631155351190,xVal,-0.038307227,yVal,-0.3900304,zVal,9.942147
t_stamp,631174016189,xVal,-0.038307227,yVal,-0.3948188,zVal,9.963695
t_stamp,631192699209,xVal,-0.021547815,yVal,-0.41157824,zVal,9.97806
t_stamp,631211349318,xVal,-0.038307227,yVal,-0.42594343,zVal,9.944541
t_stamp,631230028321,xVal,-0.04070143,yVal,-0.42354923,zVal,9.91828
t_stamp,631248694960,xVal,-0.04070143,yVal,-0.40678984,zVal,9.887156
t_stamp,631267369251,xVal,-0.038307227,yVal,-0.3876362,zVal,9.903914
t_stamp,631286027192,xVal,-0.02633622,yVal,-0.40200144,zVal,9.906309
t_stamp,631304697728,xVal,-0.045489833,yVal,-0.40678984,zVal,9.908703
t_stamp,631323355280,xVal,-0.05746084,yVal,-0.38524202,zVal,9.93257
t_stamp,631342033836,xVal,-0.04309563,yVal,-0.3924246,zVal,9.954118
t_stamp,631360702523,xVal,-0.050278235,yVal,-0.3900304,zVal,9.937359
t_stamp,631379380075,xVal,-0.06696283,yVal,-0.3876362,zVal,9.939753
t_stamp,631398051239,xVal,-0.059855044,yVal,-0.3876362,zVal,9.951724
t_stamp,631416718363,xVal,-0.064568624,yVal,-0.3900304,zVal,9.91828
t_stamp,631435380218,xVal,-0.06696283,yVal,-0.40678984,zVal,9.899126
t_stamp,631454040830,xVal,-0.045489833,yVal,-0.42115504,zVal,9.908703
t_stamp,631472709065,xVal,-0.02873042,yVal,-0.43791446,zVal,9.901521
t_stamp,631491389533,xVal,-0.04309563,yVal,-0.43073186,zVal,9.906309
t_stamp,631510048660,xVal,-0.047884032,yVal,-0.41876084,zVal,9.901521
t_stamp,631528708655,xVal,-0.04309563,yVal,-0.40439564,zVal,9.911098
t_stamp,631547369508,xVal,-0.031124622,yVal,-0.3900304,zVal,9.891944
t_stamp,631566054576,xVal,-0.035913024,yVal,-0.39960724,zVal,9.915886
t_stamp,631584732224,xVal,-0.045489833,yVal,-0.41157824,zVal,9.920674
t_stamp,631603399565,xVal,-0.009576807,yVal,-0.43073186,zVal,9.891944
t_stamp,631622064436,xVal,-0.019153614,yVal,-0.42115504,zVal,9.91828
t_stamp,631640735046,xVal,-0.033518825,yVal,-0.397213,zVal,9.913491
t_stamp,631659402636,xVal,-0.019153614,yVal,-0.38045362,zVal,9.927856
t_stamp,631678066608,xVal,-0.033518825,yVal,-0.38524202,zVal,9.944541
t_stamp,631696736219,xVal,-0.05746084,yVal,-0.39960724,zVal,9.91828
t_stamp,631715406466,xVal,-0.062249243,yVal,-0.40678984,zVal,9.896732
t_stamp,631734063659,xVal,-0.033518825,yVal,-0.43073186,zVal,9.901521
t_stamp,631752726929,xVal,-0.02873042,yVal,-0.43791446,zVal,9.908703
t_stamp,631771392845,xVal,-0.033518825,yVal,-0.42354923,zVal,9.911098
t_stamp,631790072339,xVal,-0.04070143,yVal,-0.40200144,zVal,9.911098
t_stamp,631808727484,xVal,-0.050278235,yVal,-0.41157824,zVal,9.923068
t_stamp,631827410178,xVal,-0.023942016,yVal,-0.42115504,zVal,9.923068
t_stamp,631846062158,xVal,-0.038307227,yVal,-0.41397244,zVal,9.937359
t_stamp,631864744685,xVal,-0.05267244,yVal,-0.42115504,zVal,9.920674
t_stamp,631882496906,xVal,-0.038307227,yVal,-0.42354923,zVal,9.896732
t_stamp,631901188724,xVal,-0.02873042,yVal,-0.3948188,zVal,9.915886
t_stamp,631919839536,xVal,-0.019153614,yVal,-0.37566522,zVal,9.920674
t_stamp,631938497439,xVal,-0.02633622,yVal,-0.40439564,zVal,9.934964
t_stamp,631957175410,xVal,-0.031124622,yVal,-0.42354923,zVal,9.946936
t_stamp,631975833882,xVal,-0.059855044,yVal,-0.42594343,zVal,9.87279
t_stamp,631994510209,xVal,-0.06935703,yVal,-0.43073186,zVal,9.884761
t_stamp,632013172646,xVal,-0.04070143,yVal,-0.41876084,zVal,9.927856
t_stamp,632031852189,xVal,-0.064568624,yVal,-0.41876084,zVal,9.906309
t_stamp,632050509555,xVal,-0.05267244,yVal,-0.3900304,zVal,9.925463
t_stamp,632069189651,xVal,0.0047884034,yVal,-0.39960724,zVal,9.877579
t_stamp,632087847005,xVal,0.0,yVal,-0.40439564,zVal,9.97806
t_stamp,632106507369,xVal,-0.01436521,yVal,-0.39960724,zVal,9.925463
t_stamp,632125204458,xVal,-0.021547815,yVal,-0.41157824,zVal,9.865607
t_stamp,632143847787,xVal,-0.038307227,yVal,-0.40678984,zVal,9.954118
t_stamp,632162522137,xVal,-0.059855044,yVal,-0.41157824,zVal,9.911098
t_stamp,632181190850,xVal,-0.038307227,yVal,-0.38284782,zVal,9.944541
t_stamp,632199874536,xVal,-0.0023942017,yVal,-0.40439564,zVal,9.908703
t_stamp,632218530463,xVal,-0.011971008,yVal,-0.42594343,zVal,9.903914
t_stamp,632237188907,xVal,-0.01436521,yVal,-0.40200144,zVal,9.91828
t_stamp,632255860966,xVal,-0.023942016,yVal,-0.39960724,zVal,9.915886
t_stamp,632274527826,xVal,-0.04070143,yVal,-0.41636664,zVal,9.906309
t_stamp,632293211382,xVal,-0.07175123,yVal,-0.41157824,zVal,9.908703
t_stamp,632311867569,xVal,-0.09090485,yVal,-0.38524202,zVal,9.923068
t_stamp,632330525777,xVal,-0.08611644,yVal,-0.3948188,zVal,9.896732
t_stamp,632349205929,xVal,-0.07175123,yVal,-0.40200144,zVal,9.920674
t_stamp,632367856335,xVal,-0.033518825,yVal,-0.40918404,zVal,9.930176
t_stamp,632386536425,xVal,0.035913024,yVal,-0.43312606,zVal,9.925463
t_stamp,632405215138,xVal,0.05267244,yVal,-0.42354923,zVal,9.923068
t_stamp,632423863189,xVal,-0.01436521,yVal,-0.3948188,zVal,9.920674
t_stamp,632442545467,xVal,-0.06935703,yVal,-0.3660884,zVal,9.899126
t_stamp,632461196508,xVal,-0.11005846,yVal,-0.3948188,zVal,9.891944
t_stamp,632479883681,xVal,-0.13160628,yVal,-0.41157824,zVal,9.934964
t_stamp,632498533243,xVal,-0.08851065,yVal,-0.40439564,zVal,9.942147
t_stamp,632517223489,xVal,-0.050278235,yVal,-0.42354923,zVal,9.899126
t_stamp,632535869895,xVal,-0.01436521,yVal,-0.41157824,zVal,9.896732
t_stamp,632554552954,xVal,0.047884032,yVal,-0.397213,zVal,9.877579
t_stamp,632573202671,xVal,0.05267244,yVal,-0.3876362,zVal,9.911098
t_stamp,632591885550,xVal,-0.019153614,yVal,-0.38284782,zVal,9.985243
t_stamp,632610554130,xVal,-0.093299046,yVal,-0.39960724,zVal,9.946936
t_stamp,632629208129,xVal,-0.11724106,yVal,-0.43312606,zVal,9.87279
t_stamp,632647890521,xVal,-0.07175123,yVal,-0.43073186,zVal,9.870396
t_stamp,632666542323,xVal,-0.0047884034,yVal,-0.40678984,zVal,9.899126
t_stamp,632685235324,xVal,0.038307227,yVal,-0.3948188,zVal,9.923068
t_stamp,632703891254,xVal,0.05267244,yVal,-0.397213,zVal,9.927856
t_stamp,632722550191,xVal,0.02873042,yVal,-0.38284782,zVal,9.911098
t_stamp,632741227809,xVal,-0.035913024,yVal,-0.38284782,zVal,9.901521
t_stamp,632759902441,xVal,-0.078933835,yVal,-0.41876084,zVal,9.901521
t_stamp,632778574279,xVal,-0.093299046,yVal,-0.41636664,zVal,9.903914
t_stamp,632797225178,xVal,-0.09090485,yVal,-0.39960724,zVal,9.920674
t_stamp,632815884025,xVal,-0.08132804,yVal,-0.40678984,zVal,9.930176
t_stamp,632834548392,xVal,-0.038307227,yVal,-0.3876362,zVal,9.930176
t_stamp,632853219686,xVal,0.02873042,yVal,-0.3636942,zVal,9.915886
t_stamp,632871904832,xVal,0.047884032,yVal,-0.3924246,zVal,9.908703
t_stamp,632890573524,xVal,0.007182605,yVal,-0.42833763,zVal,9.911098
t_stamp,632909222181,xVal,-0.07175123,yVal,-0.43073186,zVal,9.913491
t_stamp,632927911956,xVal,-0.10766426,yVal,-0.43073186,zVal,9.91828
t_stamp,632946561603,xVal,-0.08851065,yVal,-0.42354923,zVal,9.911098
t_stamp,632965240599,xVal,-0.059855044,yVal,-0.3900304,zVal,9.923068
t_stamp,632983896516,xVal,-0.01436521,yVal,-0.36848262,zVal,9.915886
t_stamp,633002575830,xVal,0.023942016,yVal,-0.3900304,zVal,9.915886
t_stamp,633021248076,xVal,0.031124622,yVal,-0.41157824,zVal,9.930176
t_stamp,633039905805,xVal,0.019153614,yVal,-0.41636664,zVal,9.920674
t_stamp,633058561822,xVal,-0.019153614,yVal,-0.40918404,zVal,9.911098
t_stamp,633077243039,xVal,-0.08611644,yVal,-0.40918404,zVal,9.925463
t_stamp,633095913477,xVal,-0.12442367,yVal,-0.41397244,zVal,9.915886
t_stamp,633114566728,xVal,-0.13160628,yVal,-0.3900304,zVal,9.906309
t_stamp,633133249466,xVal,-0.07175123,yVal,-0.38045362,zVal,9.923068
t_stamp,633151908349,xVal,0.0,yVal,-0.41876084,zVal,9.915886
t_stamp,633170574133,xVal,0.033518825,yVal,-0.43552026,zVal,9.894338
t_stamp,633189238467,xVal,0.033518825,yVal,-0.42354923,zVal,9.908703
t_stamp,633207912895,xVal,0.0,yVal,-0.40200144,zVal,9.934964
t_stamp,633226568916,xVal,-0.06696283,yVal,-0.3924246,zVal,9.934964
t_stamp,633245242141,xVal,-0.10766426,yVal,-0.3924246,zVal,9.934964
t_stamp,633263902305,xVal,-0.10766426,yVal,-0.3900304,zVal,9.93257
t_stamp,633282587653,xVal,-0.08132804,yVal,-0.42594343,zVal,9.925463
t_stamp,633301245962,xVal,-0.01436521,yVal,-0.42115504,zVal,9.91828
t_stamp,633319931082,xVal,0.0023942017,yVal,-0.3876362,zVal,9.913491
t_stamp,633338598006,xVal,-0.0023942017,yVal,-0.38045362,zVal,9.913491
t_stamp,633357251878,xVal,0.009576807,yVal,-0.38045362,zVal,9.923068
t_stamp,633375932199,xVal,-0.033518825,yVal,-0.40200144,zVal,9.939753
t_stamp,633394596584,xVal,-0.093299046,yVal,-0.41397244,zVal,9.927856
t_stamp,633413262461,xVal,-0.093299046,yVal,-0.42115504,zVal,9.891944
t_stamp,633431915367,xVal,-0.055066638,yVal,-0.43073186,zVal,9.882367
t_stamp,633450603109,xVal,-0.0023942017,yVal,-0.41636664,zVal,9.908703
t_stamp,633469264236,xVal,0.016759412,yVal,-0.37327102,zVal,9.925463
t_stamp,633486442023,xVal,0.009576807,yVal,-0.37566522,zVal,9.913491
t_stamp,633505114947,xVal,0.0023942017,yVal,-0.40678984,zVal,9.925463
t_stamp,633523772218,xVal,-0.023942016,yVal,-0.41397244,zVal,9.923068
t_stamp,633542445885,xVal,-0.04309563,yVal,-0.42833763,zVal,9.896732
t_stamp,633561100509,xVal,-0.055066638,yVal,-0.43073186,zVal,9.901521
t_stamp,633579793069,xVal,-0.06935703,yVal,-0.40918404,zVal,9.911098
t_stamp,633598461317,xVal,-0.05746084,yVal,-0.38284782,zVal,9.913491
t_stamp,633617118859,xVal,-0.023942016,yVal,-0.3876362,zVal,9.930176
t_stamp,633635778118,xVal,-0.02633622,yVal,-0.41876084,zVal,9.939753
t_stamp,633654462686,xVal,-0.038307227,yVal,-0.40678984,zVal,9.934964
t_stamp,633673104365,xVal,-0.055066638,yVal,-0.40200144,zVal,9.944541
t_stamp,633691800762,xVal,-0.08132804,yVal,-0.40439564,zVal,9.934964
t_stamp,633710458386,xVal,-0.078933835,yVal,-0.3924246,zVal,9.908703
t_stamp,633729111604,xVal,-0.045489833,yVal,-0.3924246,zVal,9.903914
t_stamp,633747800433,xVal,-0.035913024,yVal,-0.41157824,zVal,9.920674
t_stamp,633766447335,xVal,-0.031124622,yVal,-0.42115504,zVal,9.879972
t_stamp,633785110499,xVal,-0.007182605,yVal,-0.42354923,zVal,9.863214
t_stamp,633803800693,xVal,0.01436521,yVal,-0.41876084,zVal,9.891944
t_stamp,633822456463,xVal,0.0023942017,yVal,-0.41397244,zVal,9.903914
t_stamp,633841138708,xVal,-0.045489833,yVal,-0.39960724,zVal,9.911098
t_stamp,633859792967,xVal,-0.062249243,yVal,-0.40918404,zVal,9.906309
t_stamp,633878476078,xVal,-0.059855044,yVal,-0.43312606,zVal,9.925463
t_stamp,633897132730,xVal,-0.038307227,yVal,-0.43552026,zVal,9.925463
t_stamp,633915799792,xVal,-0.031124622,yVal,-0.43312606,zVal,9.927856
t_stamp,633934452916,xVal,-0.038307227,yVal,-0.397213,zVal,9.942147
t_stamp,633953139233,xVal,-0.02873042,yVal,-0.3541174,zVal,9.920674
t_stamp,633971791826,xVal,-0.02633622,yVal,-0.3421464,zVal,9.906309
t_stamp,633990478791,xVal,-0.02873042,yVal,-0.37805942,zVal,9.908703
t_stamp,634009130987,xVal,-0.031124622,yVal,-0.41157824,zVal,9.923068
t_stamp,634027802751,xVal,-0.059855044,yVal,-0.40918404,zVal,9.954118
t_stamp,634046475500,xVal,-0.09090485,yVal,-0.41636664,zVal,9.954118
t_stamp,634065147776,xVal,-0.08372224,yVal,-0.43312606,zVal,9.908703
t_stamp,634083818953,xVal,-0.06935703,yVal,-0.43312606,zVal,9.894338
t_stamp,634102463007,xVal,-0.04070143,yVal,-0.40678984,zVal,9.920674
t_stamp,634121135423,xVal,-0.02633622,yVal,-0.3948188,zVal,9.927856
t_stamp,634139814474,xVal,-0.047884032,yVal,-0.41157824,zVal,9.903914
t_stamp,634158461018,xVal,-0.07175123,yVal,-0.43552026,zVal,9.899126
t_stamp,634177134393,xVal,-0.07414544,yVal,-0.42115504,zVal,9.913491
t_stamp,634195806096,xVal,-0.062249243,yVal,-0.41636664,zVal,9.920674
t_stamp,634214479523,xVal,-0.04309563,yVal,-0.41397244,zVal,9.925463
t_stamp,634233154668,xVal,-0.016759412,yVal,-0.39960724,zVal,9.911098
t_stamp,634251803534,xVal,-0.0047884034,yVal,-0.41636664,zVal,9.901521
t_stamp,634270325394,xVal,-0.009576807,yVal,-0.42594343,zVal,9.911098
t_stamp,634288986548,xVal,-0.02633622,yVal,-0.43552026,zVal,9.915886
t_stamp,634307644235,xVal,-0.055066638,yVal,-0.43073186,zVal,9.939753
t_stamp,634326306623,xVal,-0.06935703,yVal,-0.397213,zVal,9.930176
t_stamp,634344990653,xVal,-0.06935703,yVal,-0.36848262,zVal,9.911098
t_stamp,634363659131,xVal,-0.047884032,yVal,-0.37087682,zVal,9.903914
t_stamp,634382321291,xVal,-0.019153614,yVal,-0.40678984,zVal,9.896732
t_stamp,634400986273,xVal,-0.007182605,yVal,-0.41157824,zVal,9.908703
t_stamp,634419651925,xVal,-0.011971008,yVal,-0.42594343,zVal,9.911098
t_stamp,634438335052,xVal,-0.035913024,yVal,-0.43073186,zVal,9.906309
t_stamp,634456983350,xVal,-0.033518825,yVal,-0.41636664,zVal,9.91828
t_stamp,634475668166,xVal,-0.045489833,yVal,-0.43552026,zVal,9.930176
t_stamp,634494316296,xVal,-0.062249243,yVal,-0.42833763,zVal,9.915886
t_stamp,634512999474,xVal,-0.04070143,yVal,-0.40439564,zVal,9.930176
t_stamp,634531664096,xVal,-0.009576807,yVal,-0.40200144,zVal,9.925463
t_stamp,634550314955,xVal,-0.01436521,yVal,-0.41397244,zVal,9.906309
t_stamp,634568994522,xVal,-0.02873042,yVal,-0.42594343,zVal,9.915886
t_stamp,634587672294,xVal,-0.04309563,yVal,-0.42354923,zVal,9.903914
t_stamp,634606334936,xVal,-0.05267244,yVal,-0.41157824,zVal,9.920674
t_stamp,634625015178,xVal,-0.05746084,yVal,-0.397213,zVal,9.934964
t_stamp,634643677736,xVal,-0.050278235,yVal,-0.41397244,zVal,9.920674
t_stamp,634662333086,xVal,-0.02873042,yVal,-0.40918404,zVal,9.925463
t_stamp,634681011838,xVal,-0.019153614,yVal,-0.3876362,zVal,9.91828
t_stamp,634699684685,xVal,-0.033518825,yVal,-0.3876362,zVal,9.913491
t_stamp,634718351639,xVal,-0.02873042,yVal,-0.3876362,zVal,9.925463
t_stamp,634737000740,xVal,-0.02873042,yVal,-0.40439564,zVal,9.920674
t_stamp,634755686654,xVal,-0.05746084,yVal,-0.42354923,zVal,9.908703
t_stamp,634774351848,xVal,-0.06935703,yVal,-0.41397244,zVal,9.913491
t_stamp,634793013364,xVal,-0.076539636,yVal,-0.41157824,zVal,9.906309
t_stamp,634811668094,xVal,-0.07414544,yVal,-0.42833763,zVal,9.903914
t_stamp,634830348561,xVal,-0.047884032,yVal,-0.41876084,zVal,9.91828
t_stamp,634848999595,xVal,-0.019153614,yVal,-0.40200144,zVal,9.908703
t_stamp,634867683335,xVal,-0.04070143,yVal,-0.40200144,zVal,9.939753
t_stamp,634886351904,xVal,-0.04309563,yVal,-0.42354923,zVal,9.942147
t_stamp,634905014963,xVal,-0.02873042,yVal,-0.41876084,zVal,9.911098
t_stamp,634923692080,xVal,-0.05267244,yVal,-0.38524202,zVal,9.923068
t_stamp,634942349146,xVal,-0.08132804,yVal,-0.38284782,zVal,9.925463
t_stamp,634961003704,xVal,-0.055066638,yVal,-0.397213,zVal,9.923068
t_stamp,634979689936,xVal,-0.019153614,yVal,-0.40918404,zVal,9.930176
t_stamp,634998345317,xVal,-0.019153614,yVal,-0.42833763,zVal,9.915886
t_stamp,635017031186,xVal,0.0,yVal,-0.42354923,zVal,9.911098
t_stamp,635035691643,xVal,0.0,yVal,-0.40918404,zVal,9.925463
t_stamp,635054345662,xVal,-0.045489833,yVal,-0.40200144,zVal,9.913491
t_stamp,635072505573,xVal,-0.05746084,yVal,-0.38524202,zVal,9.891944
t_stamp,635091156850,xVal,-0.047884032,yVal,-0.37327102,zVal,9.913491
t_stamp,635109816318,xVal,-0.038307227,yVal,-0.3924246,zVal,9.927856
t_stamp,635128511223,xVal,-0.031124622,yVal,-0.42594343,zVal,9.91828
t_stamp,635147177642,xVal,-0.023942016,yVal,-0.44988546,zVal,9.91828
t_stamp,635165837767,xVal,-0.011971008,yVal,-0.46178165,zVal,9.906309
t_stamp,635184495870,xVal,-0.035913024,yVal,-0.43073186,zVal,9.91828
t_stamp,635203178941,xVal,-0.047884032,yVal,-0.397213,zVal,9.920674
t_stamp,635221825295,xVal,-0.05267244,yVal,-0.3876362,zVal,9.901521
t_stamp,635240492453,xVal,-0.05267244,yVal,-0.40918404,zVal,9.899126
t_stamp,635259164583,xVal,-0.045489833,yVal,-0.42833763,zVal,9.903914
t_stamp,635277852537,xVal,-0.050278235,yVal,-0.42833763,zVal,9.889549
t_stamp,635296510419,xVal,-0.035913024,yVal,-0.41157824,zVal,9.896732
t_stamp,635315181518,xVal,-0.023942016,yVal,-0.3900304,zVal,9.91828
t_stamp,635333842292,xVal,-0.035913024,yVal,-0.3900304,zVal,9.911098
t_stamp,635352515711,xVal,-0.045489833,yVal,-0.397213,zVal,9.903914
t_stamp,635371180223,xVal,-0.019153614,yVal,-0.40918404,zVal,9.899126
t_stamp,635389843512,xVal,-0.02873042,yVal,-0.41157824,zVal,9.915886
t_stamp,635408516313,xVal,-0.055066638,yVal,-0.41157824,zVal,9.930176
t_stamp,635427172448,xVal,-0.05746084,yVal,-0.42115504,zVal,9.927856
t_stamp,635445859891,xVal,-0.05267244,yVal,-0.40200144,zVal,9.915886
t_stamp,635464507488,xVal,-0.05746084,yVal,-0.38284782,zVal,9.913491
t_stamp,635483194171,xVal,-0.06935703,yVal,-0.40439564,zVal,9.896732
t_stamp,635501846367,xVal,-0.050278235,yVal,-0.40918404,zVal,9.906309
t_stamp,635520534520,xVal,-0.021547815,yVal,-0.40678984,zVal,9.915886
t_stamp,635539186018,xVal,-0.019153614,yVal,-0.38524202,zVal,9.891944
t_stamp,635557857953,xVal,-0.04309563,yVal,-0.3876362,zVal,9.93257
t_stamp,635576517379,xVal,-0.033518825,yVal,-0.397213,zVal,9.949329
t_stamp,635595206804,xVal,-0.016759412,yVal,-0.38045362,zVal,9.923068
t_stamp,635613861213,xVal,-0.0023942017,yVal,-0.37805942,zVal,9.927856
t_stamp,635632538148,xVal,-0.01436521,yVal,-0.38284782,zVal,9.927856
t_stamp,635651196669,xVal,-0.031124622,yVal,-0.38284782,zVal,9.913491
t_stamp,635669879178,xVal,-0.06696283,yVal,-0.38524202,zVal,9.915886
t_stamp,635688534534,xVal,-0.08611644,yVal,-0.41876084,zVal,9.915886
t_stamp,635707216831,xVal,-0.062249243,yVal,-0.43312606,zVal,9.91828
t_stamp,635725877728,xVal,-0.05267244,yVal,-0.40200144,zVal,9.93257
t_stamp,635744544592,xVal,-0.031124622,yVal,-0.38524202,zVal,9.923068
t_stamp,635763201762,xVal,-0.038307227,yVal,-0.3924246,zVal,9.923068
t_stamp,635781873456,xVal,-0.04309563,yVal,-0.3924246,zVal,9.93257
t_stamp,635800531789,xVal,-0.01436521,yVal,-0.40439564,zVal,9.920674
t_stamp,635819203744,xVal,-0.019153614,yVal,-0.40678984,zVal,9.925463
t_stamp,635837872392,xVal,-0.045489833,yVal,-0.41397244,zVal,9.901521
t_stamp,635856541221,xVal,-0.076539636,yVal,-0.41636664,zVal,9.901521
t_stamp,635876112042,xVal,-0.09090485,yVal,-0.40678984,zVal,9.930176
t_stamp,635894775029,xVal,-0.062249243,yVal,-0.40678984,zVal,9.908703
t_stamp,635913463765,xVal,-0.038307227,yVal,-0.3924246,zVal,9.906309
t_stamp,635932136136,xVal,-0.016759412,yVal,-0.397213,zVal,9.896732
t_stamp,635950784286,xVal,-0.01436521,yVal,-0.40200144,zVal,9.891944
t_stamp,635969453655,xVal,-0.038307227,yVal,-0.39960724,zVal,9.901521
t_stamp,635988111095,xVal,-0.076539636,yVal,-0.3900304,zVal,9.887156
t_stamp,636006801342,xVal,-0.08611644,yVal,-0.3924246,zVal,9.884761
t_stamp,636025470183,xVal,-0.06935703,yVal,-0.41157824,zVal,9.920674
t_stamp,636044123244,xVal,-0.059855044,yVal,-0.41636664,zVal,9.934964
t_stamp,636062805199,xVal,-0.035913024,yVal,-0.3876362,zVal,9.956512
t_stamp,636081463995,xVal,0.11724106,yVal,-0.42354923,zVal,9.858425
t_stamp,636100121338,xVal,0.06696283,yVal,-0.43073186,zVal,9.846454
t_stamp,636118792167,xVal,-0.09090485,yVal,-0.38045362,zVal,9.937359
t_stamp,636137475996,xVal,-0.064568624,yVal,-0.37805942,zVal,9.913491
t_stamp,636156141845,xVal,-0.078933835,yVal,-0.397213,zVal,9.901521
t_stamp,636174801059,xVal,-0.059855044,yVal,-0.41636664,zVal,9.915886
t_stamp,636193464288,xVal,-0.02633622,yVal,-0.43073186,zVal,9.920674
t_stamp,636212141516,xVal,-0.02873042,yVal,-0.42833763,zVal,9.906309
t_stamp,636230802643,xVal,-0.01436521,yVal,-0.40200144,zVal,9.899126
t_stamp,636249479674,xVal,-0.01436521,yVal,-0.3876362,zVal,9.911098
t_stamp,636268128415,xVal,-0.01436521,yVal,-0.39960724,zVal,9.908703
t_stamp,636286821969,xVal,-0.02873042,yVal,-0.41397244,zVal,9.903914
t_stamp,636305476574,xVal,-0.06935703,yVal,-0.40678984,zVal,9.920674
t_stamp,636324147461,xVal,-0.06696283,yVal,-0.41157824,zVal,9.906309
t_stamp,636342810605,xVal,-0.055066638,yVal,-0.40439564,zVal,9.908703
t_stamp,636361475861,xVal,-0.055066638,yVal,-0.40200144,zVal,9.906309
t_stamp,636380142954,xVal,-0.02873042,yVal,-0.42354923,zVal,9.91828
t_stamp,636398816342,xVal,-0.033518825,yVal,-0.42354923,zVal,9.937359
t_stamp,636417475969,xVal,-0.045489833,yVal,-0.397213,zVal,9.954118
t_stamp,636436155624,xVal,-0.05267244,yVal,-0.40200144,zVal,9.920674
t_stamp,636454832065,xVal,-0.055066638,yVal,-0.41876084,zVal,9.901521
t_stamp,636473492431,xVal,-0.05746084,yVal,-0.41397244,zVal,9.939753
t_stamp,636492150066,xVal,-0.076539636,yVal,-0.42354923,zVal,9.91828
t_stamp,636510822632,xVal,0.050278235,yVal,-0.46178165,zVal,9.800964
t_stamp,636529487364,xVal,0.076539636,yVal,-0.43312606,zVal,9.81533
t_stamp,636548156539,xVal,-0.023942016,yVal,-0.38284782,zVal,9.851242
t_stamp,636566813823,xVal,-0.28476036,yVal,-0.3613,zVal,9.848848
t_stamp,636585494750,xVal,-0.7752724,yVal,-0.32067338,zVal,9.868002
t_stamp,636604179592,xVal,-1.0432734,yVal,-0.3660884,zVal,9.894338
t_stamp,636622830480,xVal,-0.44749126,yVal,-0.61493576,zVal,10.270003
t_stamp,636641506916,xVal,0.39960724,yVal,-0.44749126,zVal,14.136788
t_stamp,636661050840,xVal,0.3397522,yVal,-0.23448212,zVal,13.928642
t_stamp,636679702518,xVal,-0.07175123,yVal,-0.42354923,zVal,10.013973
t_stamp,636698375477,xVal,-0.12921207,yVal,-0.45938745,zVal,9.633519
t_stamp,636717042830,xVal,-0.045489833,yVal,-0.42594343,zVal,9.81533
t_stamp,636735699284,xVal,-0.016759412,yVal,-0.39960724,zVal,10.126426
t_stamp,636754395461,xVal,-0.031124622,yVal,-0.40918404,zVal,9.87279
t_stamp,636773043643,xVal,-0.08132804,yVal,-0.41397244,zVal,9.81533
t_stamp,636791717053,xVal,-0.07175123,yVal,-0.3924246,zVal,9.925463
t_stamp,636810393044,xVal,-0.05267244,yVal,-0.3589058,zVal,9.925463
t_stamp,636829055690,xVal,-0.05267244,yVal,-0.3876362,zVal,9.906309
t_stamp,636847718345,xVal,-0.031124622,yVal,-0.41397244,zVal,9.884761
t_stamp,636866386513,xVal,-0.009576807,yVal,-0.40678984,zVal,9.901521
t_stamp,636885058061,xVal,-0.01436521,yVal,-0.41636664,zVal,9.946936
t_stamp,636903724869,xVal,-0.023942016,yVal,-0.41157824,zVal,9.913491
t_stamp,636922390324,xVal,-0.033518825,yVal,-0.38284782,zVal,9.870396
t_stamp,636941057918,xVal,-0.038307227,yVal,-0.38045362,zVal,9.870396
t_stamp,636959735410,xVal,0.10766426,yVal,-0.44030866,zVal,9.877579
t_stamp,636978383391,xVal,0.02873042,yVal,-0.43791446,zVal,9.906309
t_stamp,636997078912,xVal,-0.13160628,yVal,-0.41636664,zVal,9.891944
t_stamp,637015743794,xVal,-0.05746084,yVal,-0.41636664,zVal,9.913491
t_stamp,637034398734,xVal,-0.038307227,yVal,-0.38045362,zVal,9.925463
t_stamp,637053083059,xVal,-0.047884032,yVal,-0.39960724,zVal,9.920674
t_stamp,637071730186,xVal,-0.047884032,yVal,-0.43073186,zVal,9.93257
t_stamp,637090416106,xVal,-0.038307227,yVal,-0.40200144,zVal,9.906309
t_stamp,637109086043,xVal,-0.02873042,yVal,-0.41636664,zVal,9.915886
t_stamp,637127737353,xVal,-0.019153614,yVal,-0.42833763,zVal,9.899126
t_stamp,637146412863,xVal,-0.02633622,yVal,-0.397213,zVal,9.879972
t_stamp,637165075398,xVal,-0.033518825,yVal,-0.40918404,zVal,9.930176
t_stamp,637183742884,xVal,-0.011971008,yVal,-0.41636664,zVal,9.958906
t_stamp,637202414998,xVal,-0.016759412,yVal,-0.3924246,zVal,9.925463
t_stamp,637221095126,xVal,-0.047884032,yVal,-0.3924246,zVal,9.934964
t_stamp,637239747215,xVal,-0.050278235,yVal,-0.41397244,zVal,9.939753
t_stamp,637258412998,xVal,-0.011971008,yVal,-0.41157824,zVal,9.879972
t_stamp,637277075714,xVal,-0.023942016,yVal,-0.43552026,zVal,9.915886
t_stamp,637295736956,xVal,-0.047884032,yVal,-0.43073186,zVal,9.975666
t_stamp,637314425011,xVal,-0.023942016,yVal,-0.397213,zVal,9.949329
t_stamp,637333075572,xVal,-0.06935703,yVal,-0.3924246,zVal,9.858425
t_stamp,637351749824,xVal,-0.12681787,yVal,-0.40200144,zVal,9.870396
t_stamp,637370409409,xVal,-0.13160628,yVal,-0.5599439,zVal,9.882367
t_stamp,637389095700,xVal,-0.045489833,yVal,-0.5455787,zVal,9.79625
t_stamp,637407746642,xVal,-0.023942016,yVal,-0.39960724,zVal,9.899126
t_stamp,637426432695,xVal,-0.059855044,yVal,-0.40918404,zVal,9.982848
t_stamp,637445085336,xVal,-0.031124622,yVal,-0.43073186,zVal,9.949329
t_stamp,637463246681,xVal,-0.038307227,yVal,-0.44030866,zVal,9.915886
t_stamp,637481921704,xVal,-0.04309563,yVal,-0.41157824,zVal,9.887156
t_stamp,637500577126,xVal,-0.04070143,yVal,-0.3636942,zVal,9.930176
t_stamp,637519245344,xVal,-0.076539636,yVal,-0.349329,zVal,9.944541
t_stamp,637537926155,xVal,-0.11484686,yVal,-0.3660884,zVal,9.937359
t_stamp,637556584045,xVal,-0.093299046,yVal,-0.3876362,zVal,9.911098
t_stamp,637575251784,xVal,-0.033518825,yVal,-0.43791446,zVal,9.860819
t_stamp,637593930952,xVal,-0.023942016,yVal,-0.42115504,zVal,9.84406
t_stamp,637612599252,xVal,-0.04309563,yVal,-0.37327102,zVal,9.87279
t_stamp,637631270925,xVal,-0.055066638,yVal,-0.38284782,zVal,9.891944
t_stamp,637649938055,xVal,-0.04309563,yVal,-0.42594343,zVal,9.882367
t_stamp,637668581678,xVal,-0.023942016,yVal,-0.41636664,zVal,9.91828
t_stamp,637687265808,xVal,-0.031124622,yVal,-0.44749126,zVal,9.908703
t_stamp,637705937948,xVal,-0.02633622,yVal,-0.44749126,zVal,9.899126
t_stamp,637724602951,xVal,-0.01436521,yVal,-0.3948188,zVal,9.944541
t_stamp,637743275910,xVal,-0.01436521,yVal,-0.41397244,zVal,9.939753
t_stamp,637761948412,xVal,-0.021547815,yVal,-0.42594343,zVal,9.923068
t_stamp,637780598524,xVal,-0.033518825,yVal,-0.42594343,zVal,9.848848
t_stamp,637799268991,xVal,-0.047884032,yVal,-0.3876362,zVal,9.858425
t_stamp,637817946799,xVal,-0.035913024,yVal,-0.38284782,zVal,9.87279
t_stamp,637836595558,xVal,-0.031124622,yVal,-0.40439564,zVal,9.889549
t_stamp,637855260339,xVal,-0.033518825,yVal,-0.41636664,zVal,9.920674
t_stamp,637873945796,xVal,-0.023942016,yVal,-0.41876084,zVal,9.901521
t_stamp,637892605555,xVal,-0.02873042,yVal,-0.39960724,zVal,9.925463
t_stamp,637911265596,xVal,-0.019153614,yVal,-0.41636664,zVal,9.906309
t_stamp,637929932690,xVal,-0.031124622,yVal,-0.42594343,zVal,9.887156
t_stamp,637948608821,xVal,-0.055066638,yVal,-0.42354923,zVal,9.903914
t_stamp,637967278807,xVal,-0.045489833,yVal,-0.38284782,zVal,9.915886
t_stamp,637985947751,xVal,-0.02873042,yVal,-0.3636942,zVal,9.887156
t_stamp,638004601378,xVal,-0.02633622,yVal,-0.40200144,zVal,9.901521
t_stamp,638023289604,xVal,-0.038307227,yVal,-0.3900304,zVal,9.911098
t_stamp,638041938186,xVal,-0.033518825,yVal,-0.37566522,zVal,9.899126
t_stamp,638060618380,xVal,-0.031124622,yVal,-0.3876362,zVal,9.908703
t_stamp,638079297671,xVal,-0.045489833,yVal,-0.3900304,zVal,9.920674
t_stamp,638097952711,xVal,-0.047884032,yVal,-0.42594343,zVal,9.91828
t_stamp,638116632489,xVal,-0.064568624,yVal,-0.43312606,zVal,9.915886
t_stamp,638135281030,xVal,-0.07175123,yVal,-0.42594343,zVal,9.923068
t_stamp,638153959077,xVal,-0.05746084,yVal,-0.43312606,zVal,9.927856
t_stamp,638172637917,xVal,-0.033518825,yVal,-0.40439564,zVal,9.925463
t_stamp,638191287169,xVal,-0.019153614,yVal,-0.3924246,zVal,9.925463
t_stamp,638209966165,xVal,-0.019153614,yVal,-0.41636664,zVal,9.93257
t_stamp,638228614332,xVal,-0.031124622,yVal,-0.44509706,zVal,9.901521
t_stamp,638247292911,xVal,-0.04070143,yVal,-0.42354923,zVal,9.913491
t_stamp,638266551020,xVal,-0.02873042,yVal,-0.397213,zVal,9.903914
t_stamp,638285231479,xVal,-0.031124622,yVal,-0.3924246,zVal,9.882367
t_stamp,638303911308,xVal,-0.04309563,yVal,-0.37805942,zVal,9.927856
t_stamp,638322561335,xVal,-0.033518825,yVal,-0.3924246,zVal,9.93257
t_stamp,638341227838,xVal,-0.023942016,yVal,-0.40439564,zVal,9.923068
t_stamp,638359892586,xVal,-0.02633622,yVal,-0.397213,zVal,9.901521
t_stamp,638378583522,xVal,-0.02633622,yVal,-0.40439564,zVal,9.882367
t_stamp,638397242736,xVal,-0.035913024,yVal,-0.41636664,zVal,9.889549
t_stamp,638415897522,xVal,-0.055066638,yVal,-0.40200144,zVal,9.911098
t_stamp,638434579708,xVal,-0.064568624,yVal,-0.40918404,zVal,9.920674
t_stamp,638453246526,xVal,-0.06696283,yVal,-0.41397244,zVal,9.903914
t_stamp,638471906173,xVal,-0.050278235,yVal,-0.39960724,zVal,9.903914
t_stamp,638490577936,xVal,-0.02873042,yVal,-0.40439564,zVal,9.920674
t_stamp,638509258673,xVal,-0.033518825,yVal,-0.41397244,zVal,9.930176
t_stamp,638527908302,xVal,-0.02633622,yVal,-0.41397244,zVal,9.939753
t_stamp,638546578861,xVal,-0.045489833,yVal,-0.40918404,zVal,9.930176
t_stamp,638565249055,xVal,-0.059855044,yVal,-0.42594343,zVal,9.911098
t_stamp,638583918850,xVal,-0.04309563,yVal,-0.41876084,zVal,9.927856
t_stamp,638602584405,xVal,-0.050278235,yVal,-0.40200144,zVal,9.915886
t_stamp,638621255012,xVal,-0.033518825,yVal,-0.40678984,zVal,9.894338
t_stamp,638639910950,xVal,-0.033518825,yVal,-0.40200144,zVal,9.903914
t_stamp,638658577046,xVal,-0.045489833,yVal,-0.3876362,zVal,9.911098
t_stamp,638677247507,xVal,-0.019153614,yVal,-0.38045362,zVal,9.903914
t_stamp,638695927140,xVal,-0.033518825,yVal,-0.40678984,zVal,9.908703
t_stamp,638714574072,xVal,-0.064568624,yVal,-0.40918404,zVal,9.915886
t_stamp,638733253956,xVal,-0.062249243,yVal,-0.40200144,zVal,9.911098
t_stamp,638751927083,xVal,-0.047884032,yVal,-0.42354923,zVal,9.891944
t_stamp,638770590470,xVal,-0.050278235,yVal,-0.43073186,zVal,9.901521
t_stamp,638789262152,xVal,-0.055066638,yVal,-0.41157824,zVal,9.923068
t_stamp,638807926935,xVal,-0.04070143,yVal,-0.37566522,zVal,9.942147
t_stamp,638826607808,xVal,-0.02873042,yVal,-0.38524202,zVal,9.906309
t_stamp,638845257810,xVal,-0.02873042,yVal,-0.40678984,zVal,9.877579
t_stamp,638863920396,xVal,-0.031124622,yVal,-0.397213,zVal,9.911098
t_stamp,638882608644,xVal,-0.035913024,yVal,-0.42594343,zVal,9.920674
t_stamp,638901264958,xVal,-0.05267244,yVal,-0.43312606,zVal,9.91828
t_stamp,638919926454,xVal,-0.062249243,yVal,-0.41397244,zVal,9.925463
t_stamp,638938603554,xVal,-0.06935703,yVal,-0.41636664,zVal,9.923068
t_stamp,638957258081,xVal,-0.055066638,yVal,-0.40439564,zVal,9.903914
t_stamp,638975938369,xVal,-0.055066638,yVal,-0.41397244,zVal,9.896732
t_stamp,638994600520,xVal,-0.05267244,yVal,-0.41397244,zVal,9.915886
t_stamp,639013283634,xVal,-0.045489833,yVal,-0.38284782,zVal,9.923068
t_stamp,639031942895,xVal,-0.06696283,yVal,-0.3900304,zVal,9.915886
t_stamp,639049531870,xVal,-0.06935703,yVal,-0.40678984,zVal,9.903914
t_stamp,639068186274,xVal,-0.059855044,yVal,-0.3948188,zVal,9.915886
t_stamp,639086872394,xVal,-0.05746084,yVal,-0.40918404,zVal,9.927856
t_stamp,639105523133,xVal,-0.062249243,yVal,-0.40439564,zVal,9.91828
t_stamp,639124212568,xVal,-0.05746084,yVal,-0.3924246,zVal,9.908703
t_stamp,639142871466,xVal,-0.031124622,yVal,-0.41876084,zVal,9.889549
t_stamp,639161548908,xVal,-0.023942016,yVal,-0.43073186,zVal,9.906309
t_stamp,639180197445,xVal,-0.021547815,yVal,-0.41397244,zVal,9.903914
t_stamp,639198874950,xVal,-0.033518825,yVal,-0.38284782,zVal,9.894338
t_stamp,639217543129,xVal,-0.045489833,yVal,-0.397213,zVal,9.915886
t_stamp,639236201510,xVal,-0.031124622,yVal,-0.42833763,zVal,9.911098
t_stamp,639254863009,xVal,-0.033518825,yVal,-0.43312606,zVal,9.894338
t_stamp,639273536403,xVal,-0.04070143,yVal,-0.39960724,zVal,9.908703
t_stamp,639292221387,xVal,-0.016759412,yVal,-0.38524202,zVal,9.920674
t_stamp,639310888678,xVal,-0.019153614,yVal,-0.40200144,zVal,9.913491
t_stamp,639329542832,xVal,-0.02873042,yVal,-0.3948188,zVal,9.911098
t_stamp,639348225281,xVal,-0.033518825,yVal,-0.38045362,zVal,9.923068
t_stamp,639366879612,xVal,-0.047884032,yVal,-0.40200144,zVal,9.911098
t_stamp,639385566122,xVal,-0.05267244,yVal,-0.41397244,zVal,9.913491
t_stamp,639404229353,xVal,-0.05746084,yVal,-0.40200144,zVal,9.944541
t_stamp,639422879660,xVal,-0.019153614,yVal,-0.40678984,zVal,9.908703
t_stamp,639441541368,xVal,-0.01436521,yVal,-0.41876084,zVal,9.884761
t_stamp,639460231568,xVal,-0.031124622,yVal,-0.41636664,zVal,9.911098
t_stamp,639478894352,xVal,-0.021547815,yVal,-0.40439564,zVal,9.911098
t_stamp,639497569071,xVal,-0.02873042,yVal,-0.40439564,zVal,9.901521
t_stamp,639516235987,xVal,-0.02873042,yVal,-0.41397244,zVal,9.911098
t_stamp,639534881129,xVal,-0.019153614,yVal,-0.40439564,zVal,9.911098
t_stamp,639553561873,xVal,-0.038307227,yVal,-0.38045362,zVal,9.906309
t_stamp,639572222336,xVal,-0.07175123,yVal,-0.37327102,zVal,9.925463
t_stamp,639590891582,xVal,-0.059855044,yVal,-0.3924246,zVal,9.939753
t_stamp,639609564540,xVal,-0.04070143,yVal,-0.40200144,zVal,9.911098
t_stamp,639628234374,xVal,-0.045489833,yVal,-0.40439564,zVal,9.906309
t_stamp,639646899261,xVal,-0.04309563,yVal,-0.39960724,zVal,9.925463
t_stamp,639665568872,xVal,-0.04309563,yVal,-0.3900304,zVal,9.911098
t_stamp,639684247719,xVal,-0.04309563,yVal,-0.40439564,zVal,9.901521
t_stamp,639702917290,xVal,-0.035913024,yVal,-0.41397244,zVal,9.894338
t_stamp,639721566533,xVal,-0.023942016,yVal,-0.42594343,zVal,9.908703
t_stamp,639740228761,xVal,-0.02873042,yVal,-0.42354923,zVal,9.925463
t_stamp,639758896156,xVal,-0.038307227,yVal,-0.40918404,zVal,9.915886
t_stamp,639777584595,xVal,-0.02873042,yVal,-0.397213,zVal,9.899126
t_stamp,639796252295,xVal,-0.04309563,yVal,-0.41157824,zVal,9.894338
t_stamp,639814917453,xVal,-0.038307227,yVal,-0.43073186,zVal,9.901521
t_stamp,639833583280,xVal,-0.011971008,yVal,-0.41636664,zVal,9.911098
t_stamp,639851259126,xVal,-0.021547815,yVal,-0.40918404,zVal,9.901521
t_stamp,639869935932,xVal,-0.04309563,yVal,-0.42115504,zVal,9.894338
t_stamp,639888594504,xVal,-0.04309563,yVal,-0.44270286,zVal,9.937359
t_stamp,639907259177,xVal,-0.033518825,yVal,-0.44509706,zVal,9.939753
t_stamp,639925948607,xVal,-0.035913024,yVal,-0.43312606,zVal,9.899126
t_stamp,639944614450,xVal,-0.038307227,yVal,-0.41636664,zVal,9.889549
t_stamp,639963263432,xVal,-0.033518825,yVal,-0.397213,zVal,9.889549
t_stamp,639981939043,xVal,-0.016759412,yVal,-0.3876362,zVal,9.91828
t_stamp,640000609026,xVal,-0.0047884034,yVal,-0.38045362,zVal,9.942147
t_stamp,640019281424,xVal,-0.01436521,yVal,-0.39960724,zVal,9.934964
t_stamp,640037962826,xVal,-0.04070143,yVal,-0.42833763,zVal,9.920674
t_stamp,640056613313,xVal,-0.05746084,yVal,-0.41397244,zVal,9.906309
t_stamp,640075272625,xVal,-0.021547815,yVal,-0.38045362,zVal,9.894338
t_stamp,640093956322,xVal,-0.009576807,yVal,-0.38284782,zVal,9.891944
t_stamp,640112616897,xVal,-0.047884032,yVal,-0.43073186,zVal,9.896732
t_stamp,640131272503,xVal,-0.05267244,yVal,-0.44749126,zVal,9.93257
t_stamp,640149941997,xVal,-0.035913024,yVal,-0.3948188,zVal,9.930176
t_stamp,640168614863,xVal,-0.033518825,yVal,-0.37566522,zVal,9.903914
t_stamp,640187275027,xVal,-0.038307227,yVal,-0.41876084,zVal,9.923068
t_stamp,640205971319,xVal,-0.055066638,yVal,-0.41397244,zVal,9.920674
t_stamp,640224620685,xVal,-0.038307227,yVal,-0.3876362,zVal,9.911098
t_stamp,640243296511,xVal,-0.033518825,yVal,-0.3900304,zVal,9.891944
t_stamp,640261954491,xVal,-0.035913024,yVal,-0.38524202,zVal,9.911098
t_stamp,640280617946,xVal,-0.033518825,yVal,-0.3876362,zVal,9.91828
t_stamp,640299297823,xVal,-0.062249243,yVal,-0.47854108,zVal,9.836877
t_stamp,640317953818,xVal,-0.07175123,yVal,-0.5288193,zVal,9.812935
t_stamp,640336625656,xVal,-0.05746084,yVal,-0.43791446,zVal,9.913491
t_stamp,640355292998,xVal,-0.035913024,yVal,-0.3948188,zVal,9.930176
t_stamp,640373958564,xVal,-0.01436521,yVal,-0.38284782,zVal,9.894338
t_stamp,640392631049,xVal,-0.019153614,yVal,-0.349329,zVal,9.908703
t_stamp,640411295995,xVal,-0.035913024,yVal,-0.38045362,zVal,9.877579
t_stamp,640429968810,xVal,-0.04309563,yVal,-0.45938745,zVal,9.954118
t_stamp,640448640585,xVal,-0.007182605,yVal,-0.49051207,zVal,10.009185
t_stamp,640467302204,xVal,-0.035913024,yVal,-0.46417585,zVal,9.961301
t_stamp,640485961359,xVal,-0.076539636,yVal,-0.41876084,zVal,9.958906
t_stamp,640504642087,xVal,-0.064568624,yVal,-0.38524202,zVal,9.939753
t_stamp,640523300683,xVal,-0.047884032,yVal,-0.3924246,zVal,9.927856
t_stamp,640541967611,xVal,-0.023942016,yVal,-0.39960724,zVal,9.920674
t_stamp,640560657976,xVal,-0.02873042,yVal,-0.40678984,zVal,9.908703
t_stamp,640579303180,xVal,-0.038307227,yVal,-0.43073186,zVal,9.920674
t_stamp,640597986769,xVal,-0.05746084,yVal,-0.44030866,zVal,9.923068
t_stamp,640616632345,xVal,-0.062249243,yVal,-0.40918404,zVal,9.894338
t_stamp,640635304357,xVal,-0.047884032,yVal,-0.43312606,zVal,9.882367
t_stamp,640653752082,xVal,0.023942016,yVal,-0.48811787,zVal,9.868002
t_stamp,640672421755,xVal,-0.007182605,yVal,-0.42594343,zVal,10.013973
t_stamp,640691079872,xVal,-0.05746084,yVal,-0.349329,zVal,10.068965
t_stamp,640709760359,xVal,-0.038307227,yVal,-0.3876362,zVal,9.954118
t_stamp,640728414064,xVal,-0.07414544,yVal,-0.42833763,zVal,9.93257
t_stamp,640747084629,xVal,-0.09808745,yVal,-0.40678984,zVal,9.915886
t_stamp,640765752609,xVal,-0.08611644,yVal,-0.40678984,zVal,9.894338
t_stamp,640784430615,xVal,-0.050278235,yVal,-0.39960724,zVal,9.901521
t_stamp,640803101623,xVal,-0.007182605,yVal,-0.3876362,zVal,9.906309
t_stamp,640821744640,xVal,0.007182605,yVal,-0.41636664,zVal,9.903914
t_stamp,640840423432,xVal,-0.0047884034,yVal,-0.42115504,zVal,9.896732
t_stamp,640859099335,xVal,-0.045489833,yVal,-0.37566522,zVal,10.00679
t_stamp,640877750845,xVal,-0.062249243,yVal,-0.3636942,zVal,10.040309
t_stamp,640896424867,xVal,-0.05267244,yVal,-0.397213,zVal,9.930176
t_stamp,640915085315,xVal,-0.076539636,yVal,-0.36848262,zVal,9.877579
t_stamp,640933755655,xVal,-0.07414544,yVal,-0.38284782,zVal,9.868002
t_stamp,640952440920,xVal,-0.045489833,yVal,-0.44030866,zVal,9.906309
t_stamp,640971101706,xVal,-0.0047884034,yVal,-0.397213,zVal,9.920674
t_stamp,640989768797,xVal,0.0023942017,yVal,-0.36848262,zVal,9.949329
t_stamp,641008430446,xVal,-0.02873042,yVal,-0.40918404,zVal,9.937359
t_stamp,641027104914,xVal,-0.050278235,yVal,-0.42833763,zVal,9.894338
t_stamp,641045776248,xVal,-0.07175123,yVal,-0.39960724,zVal,9.901521
t_stamp,641064442073,xVal,-0.08611644,yVal,-0.40678984,zVal,9.915886
t_stamp,641083103329,xVal,-0.05267244,yVal,-0.41397244,zVal,9.908703
t_stamp,641101768894,xVal,-0.009576807,yVal,-0.41157824,zVal,9.920674
t_stamp,641120452167,xVal,-0.009576807,yVal,-0.42354923,zVal,9.925463
t_stamp,641139111428,xVal,-0.021547815,yVal,-0.42115504,zVal,9.915886
t_stamp,641157772009,xVal,-0.01436521,yVal,-0.41397244,zVal,9.903914
t_stamp,641176435966,xVal,-0.031124622,yVal,-0.41157824,zVal,9.896732
t_stamp,641195101993,xVal,-0.064568624,yVal,-0.41636664,zVal,9.915886
t_stamp,641213782050,xVal,-0.078933835,yVal,-0.41636664,zVal,9.925463
t_stamp,641232444979,xVal,-0.06935703,yVal,-0.42354923,zVal,9.91828
t_stamp,641251103045,xVal,-0.050278235,yVal,-0.41876084,zVal,9.915886
t_stamp,641269790613,xVal,-0.04070143,yVal,-0.40678984,zVal,9.906309
t_stamp,641288458729,xVal,-0.02873042,yVal,-0.40200144,zVal,9.891944
t_stamp,641307123308,xVal,-0.01436521,yVal,-0.40678984,zVal,9.908703
t_stamp,641325776793,xVal,-0.019153614,yVal,-0.40439564,zVal,9.923068
t_stamp,641344440015,xVal,-0.04309563,yVal,-0.40439564,zVal,9.925463
t_stamp,641363134508,xVal,-0.07175123,yVal,-0.41636664,zVal,9.93257
t_stamp,641381780661,xVal,-0.078933835,yVal,-0.40918404,zVal,9.934964
t_stamp,641400452577,xVal,-0.07414544,yVal,-0.3924246,zVal,9.920674
t_stamp,641419131911,xVal,-0.05267244,yVal,-0.397213,zVal,9.91828
t_stamp,641436885078,xVal,-0.02873042,yVal,-0.40200144,zVal,9.91828
t_stamp,641455552089,xVal,-0.0047884034,yVal,-0.3876362,zVal,9.920674
t_stamp,641474206807,xVal,0.016759412,yVal,-0.3948188,zVal,9.908703
t_stamp,641492877550,xVal,-0.016759412,yVal,-0.41636664,zVal,9.894338
t_stamp,641511549003,xVal,-0.076539636,yVal,-0.40918404,zVal,9.906309
t_stamp,641530216511,xVal,-0.08851065,yVal,-0.397213,zVal,9.925463
t_stamp,641548882568,xVal,-0.078933835,yVal,-0.3876362,zVal,9.93257
t_stamp,641567550258,xVal,-0.04309563,yVal,-0.40200144,zVal,9.915886
t_stamp,641586236409,xVal,-0.02633622,yVal,-0.43791446,zVal,9.920674
t_stamp,641604882134,xVal,-0.031124622,yVal,-0.42833763,zVal,9.913491
t_stamp,641623559176,xVal,-0.016759412,yVal,-0.3876362,zVal,9.882367
t_stamp,641642233695,xVal,-0.021547815,yVal,-0.3876362,zVal,9.887156
t_stamp,641660886571,xVal,-0.047884032,yVal,-0.39960724,zVal,9.913491
t_stamp,641679557935,xVal,-0.06935703,yVal,-0.3900304,zVal,9.920674
t_stamp,641698222142,xVal,-0.062249243,yVal,-0.40200144,zVal,9.901521
t_stamp,641716894275,xVal,-0.05267244,yVal,-0.38524202,zVal,9.884761
t_stamp,641735557040,xVal,-0.02633622,yVal,-0.37327102,zVal,9.899126
t_stamp,641754249031,xVal,0.0023942017,yVal,-0.397213,zVal,9.93257
t_stamp,641772891214,xVal,-0.016759412,yVal,-0.39960724,zVal,9.911098
t_stamp,641791580002,xVal,-0.045489833,yVal,-0.3876362,zVal,9.901521
t_stamp,641810230823,xVal,-0.047884032,yVal,-0.3876362,zVal,9.927856
t_stamp,641828911196,xVal,-0.062249243,yVal,-0.41876084,zVal,9.911098
t_stamp,641847560629,xVal,-0.055066638,yVal,-0.42833763,zVal,9.920674
t_stamp,641866247392,xVal,-0.07175123,yVal,-0.41397244,zVal,9.930176
t_stamp,641884903106,xVal,-0.07175123,yVal,-0.40918404,zVal,9.913491
t_stamp,641903587597,xVal,-0.01436521,yVal,-0.397213,zVal,9.906309
t_stamp,641922243076,xVal,0.0047884034,yVal,-0.3900304,zVal,9.908703
t_stamp,641940916834,xVal,-0.023942016,yVal,-0.38284782,zVal,9.906309
t_stamp,641959587976,xVal,-0.059855044,yVal,-0.3900304,zVal,9.911098
t_stamp,641978250044,xVal,-0.07175123,yVal,-0.39960724,zVal,9.906309
t_stamp,641996922182,xVal,-0.06696283,yVal,-0.39960724,zVal,9.899126
t_stamp,642015571461,xVal,-0.05746084,yVal,-0.40200144,zVal,9.911098
t_stamp,642034262611,xVal,-0.050278235,yVal,-0.41636664,zVal,9.911098
t_stamp,642052930590,xVal,-0.02633622,yVal,-0.41397244,zVal,9.896732
t_stamp,642071593600,xVal,-0.007182605,yVal,-0.41397244,zVal,9.894338
t_stamp,642090268794,xVal,-0.021547815,yVal,-0.41876084,zVal,9.891944
t_stamp,642108914867,xVal,-0.02873042,yVal,-0.40439564,zVal,9.911098
t_stamp,642127603085,xVal,-0.055066638,yVal,-0.40918404,zVal,9.939753
t_stamp,642146243983,xVal,-0.07175123,yVal,-0.42833763,zVal,9.913491
t_stamp,642164938983,xVal,-0.050278235,yVal,-0.42594343,zVal,9.896732
t_stamp,642183600638,xVal,-0.05746084,yVal,-0.40678984,zVal,9.920674
t_stamp,642202274149,xVal,-0.045489833,yVal,-0.38284782,zVal,9.913491
t_stamp,642220935970,xVal,-0.021547815,yVal,-0.37805942,zVal,9.911098
t_stamp,642239686110,xVal,-0.02873042,yVal,-0.41157824,zVal,9.908703
t_stamp,642258345616,xVal,-0.01436521,yVal,-0.43791446,zVal,9.887156
t_stamp,642277031854,xVal,-0.035913024,yVal,-0.44509706,zVal,9.894338
t_stamp,642295698503,xVal,-0.05267244,yVal,-0.45459905,zVal,9.868002
t_stamp,642314353242,xVal,-0.019153614,yVal,-0.42833763,zVal,9.851242
t_stamp,642333026703,xVal,-0.0047884034,yVal,-0.3900304,zVal,9.877579
t_stamp,642351693075,xVal,-0.031124622,yVal,-0.3660884,zVal,9.906309
t_stamp,642370356971,xVal,-0.05746084,yVal,-0.37566522,zVal,9.906309
t_stamp,642389036767,xVal,-0.05746084,yVal,-0.43312606,zVal,9.894338
t_stamp,642407686834,xVal,-0.02873042,yVal,-0.43552026,zVal,9.906309
t_stamp,642426377089,xVal,-0.0023942017,yVal,-0.39960724,zVal,9.91828
t_stamp,642445047908,xVal,-0.02873042,yVal,-0.37805942,zVal,9.91828
t_stamp,642463704716,xVal,-0.050278235,yVal,-0.3900304,zVal,9.923068
t_stamp,642482366736,xVal,-0.05746084,yVal,-0.40439564,zVal,9.915886
t_stamp,642501026780,xVal,-0.038307227,yVal,-0.3948188,zVal,9.889549
t_stamp,642519715708,xVal,-0.0047884034,yVal,-0.40918404,zVal,9.884761
t_stamp,642538361693,xVal,-0.02633622,yVal,-0.41636664,zVal,9.911098
t_stamp,642557046326,xVal,-0.04070143,yVal,-0.39960724,zVal,9.927856
t_stamp,642575700446,xVal,-0.05746084,yVal,-0.3876362,zVal,9.927856
t_stamp,642594389963,xVal,-0.05746084,yVal,-0.3924246,zVal,9.91828
t_stamp,642613056404,xVal,-0.05267244,yVal,-0.40200144,zVal,9.891944
t_stamp,642631717323,xVal,-0.05267244,yVal,-0.40678984,zVal,9.889549
t_stamp,642650375957,xVal,-0.045489833,yVal,-0.41397244,zVal,9.913491
t_stamp,642669052313,xVal,-0.04309563,yVal,-0.40918404,zVal,9.906309
t_stamp,642687724710,xVal,-0.023942016,yVal,-0.40678984,zVal,9.91828
t_stamp,642706372358,xVal,-0.033518825,yVal,-0.40439564,zVal,9.934964
t_stamp,642725044327,xVal,-0.033518825,yVal,-0.38284782,zVal,9.923068
t_stamp,642743718735,xVal,-0.04309563,yVal,-0.3876362,zVal,9.906309
t_stamp,642762372995,xVal,-0.059855044,yVal,-0.41636664,zVal,9.896732
t_stamp,642781042300,xVal,-0.05746084,yVal,-0.43073186,zVal,9.911098
t_stamp,642799716413,xVal,-0.05746084,yVal,-0.42354923,zVal,9.930176
t_stamp,642818379386,xVal,-0.047884032,yVal,-0.41636664,zVal,9.927856
t_stamp,642837053333,xVal,-0.04309563,yVal,-0.41636664,zVal,9.906309
t_stamp,642855719198,xVal,-0.033518825,yVal,-0.3924246,zVal,9.899126
t_stamp,642874376682,xVal,-0.035913024,yVal,-0.3924246,zVal,9.911098
t_stamp,642893055640,xVal,-0.04070143,yVal,-0.40439564,zVal,9.91828
t_stamp,642911741879,xVal,-0.031124622,yVal,-0.41157824,zVal,9.913491
t_stamp,642930387688,xVal,-0.031124622,yVal,-0.43791446,zVal,9.908703
t_stamp,642949060802,xVal,-0.050278235,yVal,-0.42115504,zVal,9.913491
t_stamp,642967735009,xVal,-0.05267244,yVal,-0.3924246,zVal,9.942147
t_stamp,642986391364,xVal,-0.047884032,yVal,-0.397213,zVal,9.970878
t_stamp,643005057607,xVal,-0.035913024,yVal,-0.397213,zVal,9.954118
t_stamp,643023732429,xVal,0.0047884034,yVal,-0.40678984,zVal,9.901521
t_stamp,643043055568,xVal,-0.011971008,yVal,-0.39960724,zVal,9.951724
t_stamp,643061730114,xVal,-0.05267244,yVal,-0.3900304,zVal,9.963695
t_stamp,643080375644,xVal,-0.045489833,yVal,-0.40678984,zVal,9.868002
t_stamp,643099059587,xVal,-0.02873042,yVal,-0.40678984,zVal,9.889549
t_stamp,643117729833,xVal,-0.045489833,yVal,-0.40200144,zVal,9.908703
t_stamp,643136395836,xVal,-0.076539636,yVal,-0.397213,zVal,9.920674
t_stamp,643155051821,xVal,-0.07175123,yVal,-0.397213,zVal,9.951724
t_stamp,643173712175,xVal,-0.031124622,yVal,-0.41157824,zVal,9.923068
t_stamp,643192387856,xVal,-0.007182605,yVal,-0.43312606,zVal,9.908703
t_stamp,643211052009,xVal,-0.031124622,yVal,-0.40678984,zVal,9.908703
t_stamp,643229717557,xVal,-0.038307227,yVal,-0.38284782,zVal,9.899126
t_stamp,643248382876,xVal,-0.038307227,yVal,-0.40200144,zVal,9.891944
t_stamp,643267047289,xVal,-0.062249243,yVal,-0.3876362,zVal,9.911098
t_stamp,643285742687,xVal,-0.05746084,yVal,-0.40439564,zVal,9.915886
t_stamp,643304407648,xVal,-0.047884032,yVal,-0.40918404,zVal,9.903914
t_stamp,643323074666,xVal,-0.050278235,yVal,-0.39960724,zVal,9.908703
t_stamp,643341739599,xVal,-0.023942016,yVal,-0.40918404,zVal,9.891944
t_stamp,643360403804,xVal,-0.01436521,yVal,-0.41157824,zVal,9.901521
t_stamp,643379075434,xVal,-0.02633622,yVal,-0.42115504,zVal,9.906309
t_stamp,643397738433,xVal,-0.02873042,yVal,-0.42354923,zVal,9.901521
t_stamp,643416408523,xVal,-0.035913024,yVal,-0.42354923,zVal,9.915886
t_stamp,643435075734,xVal,-0.02633622,yVal,-0.40678984,zVal,9.93257
t_stamp,643453743844,xVal,-0.038307227,yVal,-0.3948188,zVal,9.923068
t_stamp,643472389872,xVal,-0.033518825,yVal,-0.40678984,zVal,9.91828
t_stamp,643491056960,xVal,-0.02633622,yVal,-0.40918404,zVal,9.915886
t_stamp,643509750276,xVal,-0.031124622,yVal,-0.40918404,zVal,9.891944
t_stamp,643528407491,xVal,-0.023942016,yVal,-0.40200144,zVal,9.911098
t_stamp,643547074758,xVal,-0.019153614,yVal,-0.40918404,zVal,9.923068
t_stamp,643565733558,xVal,-0.019153614,yVal,-0.41636664,zVal,9.911098
t_stamp,643584407713,xVal,-0.045489833,yVal,-0.40678984,zVal,9.899126
t_stamp,643603081071,xVal,-0.064568624,yVal,-0.40200144,zVal,9.901521
t_stamp,643621748632,xVal,-0.062249243,yVal,-0.41397244,zVal,9.915886
t_stamp,643640415281,xVal,-0.05746084,yVal,-0.42115504,zVal,9.93257
t_stamp,643659089059,xVal,-0.038307227,yVal,-0.40439564,zVal,9.908703
t_stamp,643677762485,xVal,-0.035913024,yVal,-0.3948188,zVal,9.894338
t_stamp,643696402699,xVal,-0.038307227,yVal,-0.3900304,zVal,9.906309
t_stamp,643715071465,xVal,-0.01436521,yVal,-0.40200144,zVal,9.930176
t_stamp,643733754684,xVal,-0.031124622,yVal,-0.41157824,zVal,9.913491
t_stamp,643752431385,xVal,-0.05746084,yVal,-0.40678984,zVal,9.891944
t_stamp,643771086272,xVal,-0.06696283,yVal,-0.40439564,zVal,9.930176
t_stamp,643789757135,xVal,-0.05267244,yVal,-0.40678984,zVal,9.911098
t_stamp,643808423848,xVal,-0.021547815,yVal,-0.40918404,zVal,9.889549
t_stamp,643826051606,xVal,-0.019153614,yVal,-0.40200144,zVal,9.901521
t_stamp,643844706159,xVal,-0.01436521,yVal,-0.41636664,zVal,9.913491
t_stamp,643863375024,xVal,-0.033518825,yVal,-0.42115504,zVal,9.915886
t_stamp,643882042826,xVal,-0.050278235,yVal,-0.3948188,zVal,9.911098
t_stamp,643900704950,xVal,-0.038307227,yVal,-0.3900304,zVal,9.906309
t_stamp,643919391700,xVal,-0.04309563,yVal,-0.39960724,zVal,9.913491
t_stamp,643938032482,xVal,-0.07175123,yVal,-0.40439564,zVal,9.920674
t_stamp,643956716427,xVal,-0.05267244,yVal,-0.397213,zVal,9.925463
t_stamp,643975378398,xVal,-0.031124622,yVal,-0.3948188,zVal,9.923068
t_stamp,643994059466,xVal,-0.047884032,yVal,-0.3948188,zVal,9.925463
t_stamp,644012727356,xVal,-0.05746084,yVal,-0.40918404,zVal,9.975666
t_stamp,644031380307,xVal,-0.062249243,yVal,-0.41636664,zVal,9.987637
t_stamp,644050065261,xVal,-0.05267244,yVal,-0.397213,zVal,9.937359
t_stamp,644068720718,xVal,-0.05746084,yVal,-0.3900304,zVal,9.915886
t_stamp,644087400600,xVal,-0.055066638,yVal,-0.40200144,zVal,9.915886
t_stamp,644106056241,xVal,-0.04070143,yVal,-0.39960724,zVal,9.91828
t_stamp,644124711907,xVal,-0.038307227,yVal,-0.40200144,zVal,9.915886
t_stamp,644143400112,xVal,-0.038307227,yVal,-0.40200144,zVal,9.908703
t_stamp,644162052982,xVal,-0.04309563,yVal,-0.397213,zVal,9.891944
t_stamp,644180725539,xVal,-0.05746084,yVal,-0.40439564,zVal,9.884761
t_stamp,644199383225,xVal,-0.07175123,yVal,-0.40918404,zVal,9.923068
t_stamp,644218051235,xVal,-0.04309563,yVal,-0.39960724,zVal,9.930176
t_stamp,644236722668,xVal,-0.033518825,yVal,-0.40439564,zVal,9.927856
t_stamp,644255382924,xVal,-0.06696283,yVal,-0.40200144,zVal,9.930176
t_stamp,644274049670,xVal,-0.05746084,yVal,-0.3876362,zVal,9.925463
t_stamp,644292716708,xVal,-0.02873042,yVal,-0.40200144,zVal,9.915886
t_stamp,644311386588,xVal,-0.019153614,yVal,-0.41876084,zVal,9.908703
t_stamp,644330080634,xVal,-0.0047884034,yVal,-0.42115504,zVal,9.915886
t_stamp,644348747046,xVal,-0.031124622,yVal,-0.42115504,zVal,9.906309
t_stamp,644367413480,xVal,-0.050278235,yVal,-0.40678984,zVal,9.911098
t_stamp,644386063159,xVal,-0.035913024,yVal,-0.39960724,zVal,9.927856
t_stamp,644404727300,xVal,-0.02873042,yVal,-0.40678984,zVal,9.920674
t_stamp,644423418171,xVal,-0.02873042,yVal,-0.41876084,zVal,9.908703
t_stamp,644442075598,xVal,-0.038307227,yVal,-0.42115504,zVal,9.915886
t_stamp,644460737846,xVal,-0.062249243,yVal,-0.41157824,zVal,9.920674
t_stamp,644479400022,xVal,-0.064568624,yVal,-0.40200144,zVal,9.920674
t_stamp,644498081987,xVal,-0.05746084,yVal,-0.36848262,zVal,9.927856
t_stamp,644516733150,xVal,-0.059855044,yVal,-0.3636942,zVal,9.925463
t_stamp,644535400896,xVal,-0.064568624,yVal,-0.42115504,zVal,9.911098
t_stamp,644554079059,xVal,-0.07414544,yVal,-0.44509706,zVal,9.896732
t_stamp,644572757606,xVal,-0.064568624,yVal,-0.42594343,zVal,9.894338
t_stamp,644591407178,xVal,-0.038307227,yVal,-0.40918404,zVal,9.901521
t_stamp,644610085591,xVal,-0.02873042,yVal,-0.40918404,zVal,9.908703
