t_stamp,625523245242,xVal,0.03176652,yVal,-0.0073320153,zVal,0.0036618465
t_stamp,625541807360,xVal,0.03176652,yVal,-0.008555405,zVal,0.0024467793
t_stamp,625560475657,xVal,0.03176652,yVal,-0.008555405,zVal,0.0012233896
t_stamp,625579141193,xVal,0.024434503,yVal,-0.0097704725,zVal,0.0
t_stamp,625597808424,xVal,0.03054313,yVal,-0.0109938625,zVal,0.0024467793
t_stamp,625616494082,xVal,0.025657892,yVal,-0.0097704725,zVal,0.0012233896
t_stamp,625635139214,xVal,0.02809635,yVal,-0.008555405,zVal,0.0012233896
t_stamp,625653818312,xVal,0.034204975,yVal,-0.008555405,zVal,0.0024467793
t_stamp,625672496016,xVal,0.02809635,yVal,-0.0097704725,zVal,0.0024467793
t_stamp,625691161619,xVal,0.029319739,yVal,-0.0109938625,zVal,0.0
t_stamp,625709831820,xVal,0.025657892,yVal,-0.008555405,zVal,0.0
t_stamp,625728501279,xVal,0.029319739,yVal,-0.008555405,zVal,0.0
t_stamp,625747156487,xVal,0.03054313,yVal,-0.006108626,zVal,0.0012233896
t_stamp,625765826800,xVal,0.03054313,yVal,-0.008555405,zVal,0.0036618465
t_stamp,625784481633,xVal,0.02809635,yVal,-0.008555405,zVal,0.0024467793
t_stamp,625803171228,xVal,0.032989908,yVal,-0.008555405,zVal,0.0012233896
t_stamp,625821835624,xVal,0.03176652,yVal,-0.0097704725,zVal,0.0024467793
t_stamp,625840501007,xVal,0.032989908,yVal,-0.008555405,zVal,0.0024467793
t_stamp,625859175561,xVal,0.03176652,yVal,-0.0073320153,zVal,0.0024467793
t_stamp,625877836692,xVal,0.03176652,yVal,-0.006108626,zVal,0.0012233896
t_stamp,625896503345,xVal,0.03176652,yVal,-0.0097704725,zVal,0.0
t_stamp,625915179013,xVal,0.03054313,yVal,-0.0073320153,zVal,0.0036618465
t_stamp,625933845724,xVal,0.02809635,yVal,-0.0097704725,zVal,0.0024467793
t_stamp,625952502435,xVal,0.029319739,yVal,-0.0073320153,zVal,0.0036618465
t_stamp,625971185140,xVal,0.029319739,yVal,-0.008555405,zVal,0.0024467793
t_stamp,625989843205,xVal,0.029319739,yVal,-0.006108626,zVal,0.0012233896
t_stamp,626008511215,xVal,0.03054313,yVal,-0.0048852363,zVal,0.0036618465
t_stamp,626027173459,xVal,0.02809635,yVal,-0.006108626,zVal,0.0024467793
t_stamp,626045859282,xVal,0.03054313,yVal,-0.0073320153,zVal,0.0024467793
t_stamp,626064519117,xVal,0.020772656,yVal,-0.0073320153,zVal,0.0012233896
t_stamp,626083162724,xVal,0.029319739,yVal,-0.0073320153,zVal,0.0036618465
t_stamp,626101843390,xVal,0.026881283,yVal,-0.008555405,zVal,0.0036618465
t_stamp,626120524837,xVal,0.025657892,yVal,-0.0073320153,zVal,0.0048852363
t_stamp,626139167479,xVal,0.034204975,yVal,-0.0073320153,zVal,0.0036618465
t_stamp,626157834122,xVal,0.034204975,yVal,-0.0073320153,zVal,0.0024467793
t_stamp,626176514738,xVal,0.02809635,yVal,-0.0073320153,zVal,-0.0012233896
t_stamp,626195191006,xVal,0.02809635,yVal,-0.006108626,zVal,0.0
t_stamp,626213837407,xVal,0.025657892,yVal,-0.0073320153,zVal,0.0024467793
t_stamp,626232512191,xVal,0.02809635,yVal,-0.008555405,zVal,0.0024467793
t_stamp,626251191103,xVal,0.02809635,yVal,-0.0097704725,zVal,0.0024467793
t_stamp,626269864918,xVal,0.029319739,yVal,-0.0073320153,zVal,0.0012233896
t_stamp,626288535851,xVal,0.029319739,yVal,-0.0073320153,zVal,0.0024467793
t_stamp,626307189426,xVal,0.03054313,yVal,-0.008555405,zVal,0.0024467793
t_stamp,626325467908,xVal,0.032989908,yVal,-0.0109938625,zVal,0.0012233896
t_stamp,626344139973,xVal,0.025657892,yVal,-0.008555405,zVal,0.0024467793
t_stamp,626362811762,xVal,0.032989908,yVal,-0.0073320153,zVal,0.0012233896
t_stamp,626381453001,xVal,0.026881283,yVal,-0.0097704725,zVal,-0.0012233896
t_stamp,626400144525,xVal,0.029319739,yVal,-0.0109938625,zVal,-0.0012233896
t_stamp,626418815295,xVal,0.026881283,yVal,-0.0073320153,zVal,0.0024467793
t_stamp,626437464629,xVal,0.025657892,yVal,-0.0073320153,zVal,0.0048852363
t_stamp,626456141392,xVal,0.029319739,yVal,-0.006108626,zVal,0.0036618465
t_stamp,626474792322,xVal,0.029319739,yVal,-0.0073320153,zVal,0.0012233896
t_stamp,626493460957,xVal,0.02809635,yVal,-0.0097704725,zVal,0.0024467793
t_stamp,626512198012,xVal,0.02809635,yVal,-0.008555405,zVal,0.0024467793
t_stamp,626530816807,xVal,0.03054313,yVal,-0.0109938625,zVal,0.0024467793
t_stamp,626549476947,xVal,0.034204975,yVal,-0.0097704725,zVal,0.0012233896
t_stamp,626568141102,xVal,0.03176652,yVal,-0.0073320153,zVal,0.0
t_stamp,626586803265,xVal,0.03176652,yVal,-0.015879098,zVal,0.0012233896
t_stamp,626605493298,xVal,-0.0109938625,yVal,-0.03176652,zVal,0.0024467793
t_stamp,626624155003,xVal,-0.043983772,yVal,0.0097704725,zVal,-0.0012233896
t_stamp,626642800571,xVal,0.015879098,yVal,0.0048852363,zVal,0.0012233896
t_stamp,626661485680,xVal,0.090406,yVal,-0.0109938625,zVal,0.0036618465
t_stamp,626680142136,xVal,0.07085673,yVal,0.0024467793,zVal,0.0036618465
t_stamp,626698811602,xVal,0.0012233896,yVal,-0.008555405,zVal,0.0012233896
t_stamp,626717484399,xVal,0.04520716,yVal,-0.0036618465,zVal,0.0036618465
t_stamp,626736164381,xVal,0.020772656,yVal,-0.015879098,zVal,0.0012233896
t_stamp,626754820509,xVal,0.0403136,yVal,-0.0073320153,zVal,0.0012233896
t_stamp,626773495668,xVal,0.020772656,yVal,-0.0073320153,zVal,0.0012233896
t_stamp,626792160185,xVal,0.026881283,yVal,-0.006108626,zVal,0.0024467793
t_stamp,626810822879,xVal,0.036651757,yVal,-0.006108626,zVal,0.0048852363
t_stamp,626829481563,xVal,0.020772656,yVal,-0.008555405,zVal,0.0012233896
t_stamp,626848147112,xVal,0.034204975,yVal,-0.0073320153,zVal,0.0012233896
t_stamp,626866826732,xVal,0.026881283,yVal,-0.008555405,zVal,0.0012233896
t_stamp,626885481843,xVal,0.034204975,yVal,-0.0073320153,zVal,0.0012233896
t_stamp,626904157714,xVal,0.026881283,yVal,-0.0073320153,zVal,0.0012233896
t_stamp,626922844523,xVal,0.03054313,yVal,-0.008555405,zVal,0.0
t_stamp,626941512008,xVal,0.02809635,yVal,-0.0097704725,zVal,0.0
t_stamp,626960168355,xVal,0.03176652,yVal,-0.008555405,zVal,0.0012233896
t_stamp,626978824226,xVal,0.03054313,yVal,-0.0097704725,zVal,0.0024467793
t_stamp,626997499614,xVal,0.03054313,yVal,-0.0097704725,zVal,0.0012233896
t_stamp,627016181787,xVal,0.029319739,yVal,-0.0073320153,zVal,0.0024467793
t_stamp,627034838127,xVal,0.026881283,yVal,-0.006108626,zVal,0.0036618465
t_stamp,627053494415,xVal,0.024434503,yVal,-0.0097704725,zVal,0.0024467793
t_stamp,627072163325,xVal,0.02809635,yVal,-0.008555405,zVal,0.0012233896
t_stamp,627090852098,xVal,0.03176652,yVal,-0.0073320153,zVal,0.0
t_stamp,627108078611,xVal,0.029319739,yVal,-0.0073320153,zVal,0.0012233896
t_stamp,627126739449,xVal,0.03176652,yVal,-0.008555405,zVal,0.0024467793
t_stamp,627145430375,xVal,0.029319739,yVal,-0.0097704725,zVal,0.0024467793
t_stamp,627164090065,xVal,0.029319739,yVal,-0.0097704725,zVal,0.0024467793
t_stamp,627182740320,xVal,0.029319739,yVal,-0.0073320153,zVal,0.0024467793
t_stamp,627201421262,xVal,0.019549267,yVal,-0.008555405,zVal,0.0024467793
t_stamp,627220078725,xVal,0.023211114,yVal,-0.006108626,zVal,0.0
t_stamp,627238763370,xVal,0.02809635,yVal,-0.0097704725,zVal,0.0012233896
t_stamp,627257426751,xVal,0.029319739,yVal,-0.008555405,zVal,0.0024467793
t_stamp,627276090688,xVal,0.029319739,yVal,-0.008555405,zVal,0.0036618465
t_stamp,627294747031,xVal,0.03054313,yVal,-0.0073320153,zVal,0.0012233896
t_stamp,627313419009,xVal,0.03054313,yVal,-0.006108626,zVal,0.0012233896
t_stamp,627332100368,xVal,0.026881283,yVal,-0.0073320153,zVal,0.0012233896
t_stamp,627350762329,xVal,0.032989908,yVal,-0.0073320153,zVal,0.0024467793
t_stamp,627369425409,xVal,0.032989908,yVal,-0.006108626,zVal,0.0012233896
t_stamp,627388084253,xVal,0.029319739,yVal,-0.006108626,zVal,0.0024467793
t_stamp,627406759824,xVal,0.029319739,yVal,-0.0073320153,zVal,0.0036618465
t_stamp,627425427870,xVal,0.03054313,yVal,-0.0073320153,zVal,0.0024467793
t_stamp,627444112288,xVal,0.025657892,yVal,-0.0073320153,zVal,0.0024467793
t_stamp,627462758751,xVal,0.02809635,yVal,-0.006108626,zVal,0.0012233896
t_stamp,627481448949,xVal,0.02809635,yVal,-0.008555405,zVal,0.0024467793
t_stamp,627500104044,xVal,0.02809635,yVal,-0.008555405,zVal,0.0024467793
t_stamp,627518783086,xVal,0.029319739,yVal,-0.006108626,zVal,0.0036618465
t_stamp,627537427366,xVal,0.03176652,yVal,-0.0073320153,zVal,0.0036618465
t_stamp,627556101887,xVal,0.032989908,yVal,-0.006108626,zVal,0.0012233896
t_stamp,627574779326,xVal,0.026881283,yVal,-0.008555405,zVal,0.0036618465
t_stamp,627593440738,xVal,0.029319739,yVal,-0.0097704725,zVal,0.0024467793
t_stamp,627612108084,xVal,0.026881283,yVal,-0.0097704725,zVal,0.0024467793
t_stamp,627630773333,xVal,0.02809635,yVal,-0.008555405,zVal,0.0024467793
t_stamp,627649436275,xVal,0.02809635,yVal,-0.008555405,zVal,0.0024467793
t_stamp,627668099650,xVal,0.03176652,yVal,-0.0073320153,zVal,0.0024467793
t_stamp,627686785514,xVal,0.029319739,yVal,-0.006108626,zVal,0.0024467793
t_stamp,627705446180,xVal,0.03176652,yVal,-0.0073320153,zVal,0.0036618465
t_stamp,627724126707,xVal,0.03054313,yVal,-0.0073320153,zVal,0.0024467793
t_stamp,627742774723,xVal,0.026881283,yVal,-0.0073320153,zVal,0.0012233896
t_stamp,627761461548,xVal,0.03054313,yVal,-0.008555405,zVal,0.0012233896
t_stamp,627780118666,xVal,0.024434503,yVal,-0.008555405,zVal,0.0036618465
t_stamp,627798801578,xVal,0.026881283,yVal,-0.0097704725,zVal,0.0012233896
t_stamp,627817442517,xVal,0.029319739,yVal,-0.0097704725,zVal,0.0
t_stamp,627836108030,xVal,0.03054313,yVal,-0.008555405,zVal,0.0024467793
t_stamp,627854802016,xVal,0.026881283,yVal,-0.0097704725,zVal,0.0024467793
t_stamp,627873461851,xVal,0.03054313,yVal,-0.0109938625,zVal,0.0
t_stamp,627892119031,xVal,0.03054313,yVal,-0.008555405,zVal,0.0012233896
t_stamp,627909939031,xVal,0.029319739,yVal,-0.0097704725,zVal,0.0
t_stamp,627928620904,xVal,0.03176652,yVal,-0.0109938625,zVal,0.0
t_stamp,627947274346,xVal,0.026881283,yVal,-0.008555405,zVal,0.0
t_stamp,627965955861,xVal,0.029319739,yVal,-0.0073320153,zVal,0.0012233896
t_stamp,627984604954,xVal,0.03054313,yVal,-0.0073320153,zVal,0.0012233896
t_stamp,628003288496,xVal,0.026881283,yVal,-0.0073320153,zVal,0.0012233896
t_stamp,628021950169,xVal,0.029319739,yVal,-0.0073320153,zVal,0.0012233896
t_stamp,628040602462,xVal,0.03054313,yVal,-0.0097704725,zVal,0.0012233896
t_stamp,628059283608,xVal,0.029319739,yVal,-0.0073320153,zVal,0.0024467793
t_stamp,628077942992,xVal,0.025657892,yVal,-0.0073320153,zVal,0.0012233896
t_stamp,628096610513,xVal,0.026881283,yVal,-0.008555405,zVal,0.0012233896
t_stamp,628115281055,xVal,0.025657892,yVal,-0.0097704725,zVal,0.0012233896
t_stamp,628133939888,xVal,0.029319739,yVal,-0.0073320153,zVal,0.0012233896
t_stamp,628152623650,xVal,0.029319739,yVal,-0.0073320153,zVal,0.0012233896
t_stamp,628171291868,xVal,0.025657892,yVal,-0.0073320153,zVal,0.0012233896
t_stamp,628189963534,xVal,0.03054313,yVal,-0.0097704725,zVal,0.0012233896
t_stamp,628208631390,xVal,0.02809635,yVal,-0.008555405,zVal,0.0024467793
t_stamp,628227292105,xVal,0.029319739,yVal,-0.008555405,zVal,0.0024467793
t_stamp,628245969536,xVal,0.03176652,yVal,-0.0073320153,zVal,0.0012233896
t_stamp,628264621210,xVal,0.032989908,yVal,-0.008555405,zVal,0.0024467793
t_stamp,628283304181,xVal,0.036651757,yVal,-0.0048852363,zVal,0.0036618465
t_stamp,628301959575,xVal,0.03176652,yVal,-0.008555405,zVal,0.0024467793
t_stamp,628320629893,xVal,0.029319739,yVal,-0.0097704725,zVal,0.0036618465
t_stamp,628339300940,xVal,0.02809635,yVal,-0.0097704725,zVal,0.0036618465
t_stamp,628357952389,xVal,0.026881283,yVal,-0.0109938625,zVal,0.0024467793
t_stamp,628376639585,xVal,0.029319739,yVal,-0.0109938625,zVal,0.0024467793
t_stamp,628395312953,xVal,0.03054313,yVal,-0.0097704725,zVal,0.0036618465
t_stamp,628413973206,xVal,0.03054313,yVal,-0.0097704725,zVal,0.0048852363
t_stamp,628432628101,xVal,0.03176652,yVal,-0.008555405,zVal,0.0
t_stamp,628451291582,xVal,0.03054313,yVal,-0.0073320153,zVal,0.0024467793
t_stamp,628469954701,xVal,0.026881283,yVal,-0.006108626,zVal,0.0036618465
t_stamp,628488624700,xVal,0.02809635,yVal,-0.006108626,zVal,0.0048852363
t_stamp,628507303601,xVal,0.032989908,yVal,-0.008555405,zVal,0.0024467793
t_stamp,628525982808,xVal,0.03176652,yVal,-0.008555405,zVal,0.0024467793
t_stamp,628544626185,xVal,0.029319739,yVal,-0.008555405,zVal,0.0024467793
t_stamp,628563297362,xVal,0.02809635,yVal,-0.008555405,zVal,0.0
t_stamp,628581967017,xVal,0.029319739,yVal,-0.008555405,zVal,0.0024467793
t_stamp,628600643397,xVal,0.02809635,yVal,-0.008555405,zVal,0.0024467793
t_stamp,628619312324,xVal,0.029319739,yVal,-0.008555405,zVal,0.0012233896
t_stamp,628637984021,xVal,0.02809635,yVal,-0.008555405,zVal,0.0
t_stamp,628656648553,xVal,0.02809635,yVal,-0.012217252,zVal,0.0
t_stamp,628675310312,xVal,0.029319739,yVal,-0.008555405,zVal,0.0024467793
t_stamp,628693970549,xVal,0.02809635,yVal,-0.008555405,zVal,0.0024467793
t_stamp,628712146247,xVal,0.026881283,yVal,-0.0073320153,zVal,0.0012233896
t_stamp,628730827660,xVal,0.025657892,yVal,-0.0097704725,zVal,0.0012233896
t_stamp,628749483937,xVal,0.02809635,yVal,-0.0097704725,zVal,0.0
t_stamp,628768163193,xVal,0.029319739,yVal,-0.008555405,zVal,0.0012233896
t_stamp,628786824528,xVal,0.029319739,yVal,-0.006108626,zVal,0.0036618465
t_stamp,628805495036,xVal,0.024434503,yVal,-0.0097704725,zVal,0.0024467793
t_stamp,628824139821,xVal,0.029319739,yVal,-0.0097704725,zVal,0.0012233896
t_stamp,628842817827,xVal,0.023211114,yVal,-0.0097704725,zVal,0.0012233896
t_stamp,628861477805,xVal,-0.06474811,yVal,-0.04520716,zVal,-0.0024467793
t_stamp,628880146052,xVal,0.0036618465,yVal,-0.0097704725,zVal,0.0024467793
t_stamp,628898809999,xVal,0.021987725,yVal,-0.0073320153,zVal,0.0
t_stamp,628917499568,xVal,0.0403136,yVal,-0.0048852363,zVal,0.0
t_stamp,628936166901,xVal,0.02809635,yVal,-0.008555405,zVal,0.0024467793
t_stamp,628954837749,xVal,0.02809635,yVal,-0.006108626,zVal,0.0012233896
t_stamp,628973479879,xVal,0.03176652,yVal,-0.008555405,zVal,0.0012233896
t_stamp,628992151929,xVal,0.03176652,yVal,-0.0073320153,zVal,0.0012233896
t_stamp,629010822791,xVal,0.02809635,yVal,-0.008555405,zVal,0.0012233896
t_stamp,629029503866,xVal,0.03054313,yVal,-0.013440642,zVal,0.0012233896
t_stamp,629048173223,xVal,0.025657892,yVal,-0.0097704725,zVal,0.0
t_stamp,629066827812,xVal,0.02809635,yVal,-0.0073320153,zVal,0.0036618465
t_stamp,629085484315,xVal,0.029319739,yVal,-0.0073320153,zVal,0.0036618465
t_stamp,629104163137,xVal,0.034204975,yVal,-0.0097704725,zVal,0.0
t_stamp,629122835821,xVal,0.025657892,yVal,-0.0048852363,zVal,0.0
t_stamp,629141508776,xVal,0.032989908,yVal,-0.008555405,zVal,0.0
t_stamp,629160181240,xVal,0.035428364,yVal,-0.0097704725,zVal,0.0012233896
t_stamp,629178822480,xVal,0.0403136,yVal,-0.008555405,zVal,0.0024467793
t_stamp,629197506465,xVal,0.03176652,yVal,-0.0073320153,zVal,0.0024467793
t_stamp,629216162858,xVal,0.029319739,yVal,-0.0073320153,zVal,0.0024467793
t_stamp,629234828908,xVal,0.026881283,yVal,-0.0109938625,zVal,0.0012233896
t_stamp,629253518588,xVal,0.032989908,yVal,-0.0109938625,zVal,0.0036618465
t_stamp,629272183033,xVal,0.03054313,yVal,-0.0109938625,zVal,0.0036618465
t_stamp,629290839623,xVal,0.03176652,yVal,-0.008555405,zVal,0.0012233896
t_stamp,629309502703,xVal,0.029319739,yVal,-0.0073320153,zVal,0.0024467793
t_stamp,629328164807,xVal,0.029319739,yVal,-0.008555405,zVal,0.0012233896
t_stamp,629346840016,xVal,0.02809635,yVal,-0.0073320153,zVal,0.0024467793
t_stamp,629365515367,xVal,0.026881283,yVal,-0.008555405,zVal,0.0012233896
t_stamp,629384172455,xVal,0.029319739,yVal,-0.0073320153,zVal,0.0036618465
t_stamp,629402847697,xVal,0.03054313,yVal,-0.0097704725,zVal,0.0036618465
t_stamp,629421521347,xVal,0.03054313,yVal,-0.0097704725,zVal,0.0036618465
t_stamp,629440174311,xVal,0.029319739,yVal,-0.0073320153,zVal,0.0012233896
t_stamp,629458844233,xVal,0.03054313,yVal,-0.008555405,zVal,0.0
t_stamp,629477507659,xVal,0.03054313,yVal,-0.0073320153,zVal,0.0
t_stamp,629495038988,xVal,0.03054313,yVal,-0.0073320153,zVal,0.0012233896
t_stamp,629513723352,xVal,0.026881283,yVal,-0.0073320153,zVal,0.0024467793
t_stamp,629532371309,xVal,0.03176652,yVal,-0.0073320153,zVal,0.0
t_stamp,629551040715,xVal,0.026881283,yVal,-0.0073320153,zVal,0.0012233896
t_stamp,629569713804,xVal,0.02809635,yVal,-0.008555405,zVal,0.0
t_stamp,629588383989,xVal,0.026881283,yVal,-0.0073320153,zVal,0.0
t_stamp,629607063977,xVal,0.03176652,yVal,-0.008555405,zVal,0.0012233896
t_stamp,629625734965,xVal,0.026881283,yVal,-0.006108626,zVal,0.0
t_stamp,629644399622,xVal,0.02809635,yVal,-0.0073320153,zVal,0.0012233896
t_stamp,629663069658,xVal,0.029319739,yVal,-0.0097704725,zVal,0.0012233896
t_stamp,629681729534,xVal,0.024434503,yVal,-0.0073320153,zVal,0.0024467793
t_stamp,629700399998,xVal,0.03054313,yVal,-0.008555405,zVal,0.0
t_stamp,629719072445,xVal,0.032989908,yVal,-0.0097704725,zVal,-0.0012233896
t_stamp,629737718082,xVal,0.029319739,yVal,-0.0097704725,zVal,0.0
t_stamp,629756391069,xVal,0.02809635,yVal,-0.0073320153,zVal,0.0
t_stamp,629775062294,xVal,0.03176652,yVal,-0.008555405,zVal,0.0012233896
t_stamp,629793716345,xVal,0.02809635,yVal,-0.0073320153,zVal,0.0012233896
t_stamp,629812409627,xVal,0.02809635,yVal,-0.0073320153,zVal,0.0012233896
t_stamp,629831070084,xVal,0.026881283,yVal,-0.008555405,zVal,0.0012233896
t_stamp,629849723202,xVal,0.026881283,yVal,-0.0097704725,zVal,0.0024467793
t_stamp,629868400238,xVal,0.02809635,yVal,-0.0073320153,zVal,0.0024467793
t_stamp,629887066113,xVal,0.029319739,yVal,-0.008555405,zVal,0.0
t_stamp,629905748703,xVal,0.03054313,yVal,-0.0097704725,zVal,0.0024467793
t_stamp,629924399108,xVal,0.032989908,yVal,-0.0097704725,zVal,0.0036618465
t_stamp,629943075883,xVal,0.029319739,yVal,-0.0097704725,zVal,0.0024467793
t_stamp,629961743271,xVal,0.029319739,yVal,-0.008555405,zVal,0.0036618465
t_stamp,629980411278,xVal,0.03054313,yVal,-0.008555405,zVal,0.0024467793
t_stamp,629999062319,xVal,0.03054313,yVal,-0.008555405,zVal,0.0024467793
t_stamp,630017739482,xVal,0.02809635,yVal,-0.0073320153,zVal,0.0036618465
t_stamp,630036417006,xVal,0.029319739,yVal,-0.008555405,zVal,0.0012233896
t_stamp,630055078378,xVal,0.03054313,yVal,-0.006108626,zVal,0.0
t_stamp,630073734695,xVal,0.026881283,yVal,-0.0073320153,zVal,0.0
t_stamp,630092429577,xVal,0.03176652,yVal,-0.0073320153,zVal,0.0012233896
t_stamp,630111080295,xVal,0.029319739,yVal,-0.0073320153,zVal,0.0036618465
t_stamp,630129762208,xVal,0.029319739,yVal,-0.0073320153,zVal,0.0
t_stamp,630148422301,xVal,0.02809635,yVal,-0.008555405,zVal,0.0012233896
t_stamp,630167098358,xVal,0.03176652,yVal,-0.0097704725,zVal,0.0012233896
t_stamp,630185740326,xVal,0.02809635,yVal,-0.006108626,zVal,0.0048852363
t_stamp,630204426890,xVal,0.025657892,yVal,-0.008555405,zVal,0.0024467793
t_stamp,630223099813,xVal,0.02809635,yVal,-0.0073320153,zVal,0.0012233896
t_stamp,630241751800,xVal,0.036651757,yVal,-0.008555405,zVal,0.0024467793
t_stamp,630260433726,xVal,0.02809635,yVal,-0.0097704725,zVal,0.0012233896
t_stamp,630279084628,xVal,0.02809635,yVal,-0.0109938625,zVal,0.0036618465
t_stamp,630296853758,xVal,0.035428364,yVal,-0.0097704725,zVal,0.0036618465
t_stamp,630315529039,xVal,0.032989908,yVal,-0.0073320153,zVal,0.0012233896
t_stamp,630334194131,xVal,0.02809635,yVal,-0.0073320153,zVal,0.0024467793
t_stamp,630352868134,xVal,0.03054313,yVal,-0.0073320153,zVal,-0.050092395
t_stamp,630371538459,xVal,0.032989908,yVal,-0.0048852363,zVal,-0.1563775
t_stamp,630390207257,xVal,0.0,yVal,-0.008555405,zVal,-0.23578963
t_stamp,630408919371,xVal,-0.0048852363,yVal,-0.014664031,zVal,-0.10629342
t_stamp,630427541476,xVal,0.0048852363,yVal,0.0024467793,zVal,-0.015879098
t_stamp,630446193860,xVal,0.02809635,yVal,0.0,zVal,0.0036618465
t_stamp,630464881398,xVal,0.024434503,yVal,-0.008555405,zVal,0.0036618465
t_stamp,630483532192,xVal,0.029319739,yVal,-0.0073320153,zVal,0.0024467793
t_stamp,630502222177,xVal,0.026881283,yVal,-0.0097704725,zVal,0.0024467793
t_stamp,630520897830,xVal,0.025657892,yVal,-0.008555405,zVal,0.0012233896
t_stamp,630539556293,xVal,0.023211114,yVal,-0.0048852363,zVal,0.0036618465
t_stamp,630558216992,xVal,0.02809635,yVal,-0.006108626,zVal,0.0024467793
t_stamp,630576881606,xVal,0.02809635,yVal,-0.0097704725,zVal,0.0
t_stamp,630595560498,xVal,0.026881283,yVal,-0.0073320153,zVal,0.0036618465
t_stamp,630614224230,xVal,0.03054313,yVal,-0.0073320153,zVal,0.0024467793
t_stamp,630632890784,xVal,0.026881283,yVal,-0.008555405,zVal,0.0024467793
t_stamp,630651559273,xVal,0.03176652,yVal,-0.0073320153,zVal,0.0024467793
t_stamp,630670220082,xVal,0.03176652,yVal,-0.0097704725,zVal,0.0012233896
t_stamp,630688893564,xVal,0.035428364,yVal,-0.0097704725,zVal,0.0036618465
t_stamp,630707556534,xVal,0.035428364,yVal,-0.0109938625,zVal,0.0012233896
t_stamp,630726233222,xVal,0.037875146,yVal,-0.0073320153,zVal,0.0036618465
t_stamp,630744899457,xVal,0.029319739,yVal,-0.008555405,zVal,0.0012233896
t_stamp,630763553337,xVal,0.02809635,yVal,-0.0048852363,zVal,0.0012233896
t_stamp,630782231784,xVal,0.03054313,yVal,-0.0073320153,zVal,0.0012233896
t_stamp,630800897427,xVal,0.03176652,yVal,-0.006108626,zVal,0.0024467793
t_stamp,630819577149,xVal,0.026881283,yVal,-0.0073320153,zVal,0.0024467793
t_stamp,630838236102,xVal,0.02809635,yVal,-0.0109938625,zVal,0.0048852363
t_stamp,630856912256,xVal,0.023211114,yVal,-0.0097704725,zVal,0.0012233896
t_stamp,630875553524,xVal,0.029319739,yVal,-0.0073320153,zVal,0.0024467793
t_stamp,630894223583,xVal,0.026881283,yVal,-0.0097704725,zVal,0.0024467793
t_stamp,630912888718,xVal,0.03054313,yVal,-0.0097704725,zVal,0.0012233896
t_stamp,630931561109,xVal,0.02809635,yVal,-0.0073320153,zVal,0.0036618465
t_stamp,630950237868,xVal,0.025657892,yVal,-0.0097704725,zVal,0.0024467793
t_stamp,630968898619,xVal,0.03054313,yVal,-0.008555405,zVal,0.0012233896
t_stamp,630987570680,xVal,0.024434503,yVal,-0.0073320153,zVal,0.0024467793
t_stamp,631006245148,xVal,0.026881283,yVal,-0.006108626,zVal,0.0036618465
t_stamp,631024918013,xVal,0.02809635,yVal,-0.0073320153,zVal,0.0036618465
t_stamp,631043563167,xVal,0.029319739,yVal,-0.0048852363,zVal,0.0024467793
t_stamp,631062257323,xVal,0.029319739,yVal,-0.0097704725,zVal,0.0036618465
t_stamp,631080901587,xVal,0.026881283,yVal,-0.0097704725,zVal,0.0
t_stamp,631099351722,xVal,0.026881283,yVal,-0.0073320153,zVal,0.0024467793
t_stamp,631118036066,xVal,0.03176652,yVal,-0.006108626,zVal,0.0012233896
t_stamp,631136683609,xVal,0.036651757,yVal,-0.008555405,zVal,0.0012233896
t_stamp,631155352179,xVal,0.036651757,yVal,-0.008555405,zVal,0.0024467793
t_stamp,631174032497,xVal,0.03176652,yVal,-0.0097704725,zVal,0.0024467793
t_stamp,631192701591,xVal,0.03054313,yVal,-0.0097704725,zVal,0.0012233896
t_stamp,631211354819,xVal,0.029319739,yVal,-0.008555405,zVal,0.0024467793
t_stamp,631230024799,xVal,0.02809635,yVal,-0.006108626,zVal,0.0
t_stamp,631248694735,xVal,0.032989908,yVal,-0.008555405,zVal,0.0024467793
t_stamp,631267379333,xVal,0.029319739,yVal,-0.0109938625,zVal,0.0024467793
t_stamp,631286038374,xVal,0.02809635,yVal,-0.008555405,zVal,0.0012233896
t_stamp,631304703835,xVal,0.02809635,yVal,-0.008555405,zVal,0.0024467793
t_stamp,631323367399,xVal,0.03054313,yVal,-0.006108626,zVal,0.0012233896
t_stamp,631342045132,xVal,0.03054313,yVal,-0.0073320153,zVal,0.0012233896
t_stamp,631360706891,xVal,0.029319739,yVal,-0.012217252,zVal,0.0012233896
t_stamp,631379367988,xVal,0.03054313,yVal,-0.008555405,zVal,0.0024467793
t_stamp,631398029959,xVal,0.03176652,yVal,-0.008555405,zVal,0.0012233896
t_stamp,631416708444,xVal,0.02809635,yVal,-0.008555405,zVal,0.0036618465
t_stamp,631435366812,xVal,0.029319739,yVal,-0.0073320153,zVal,0.0036618465
t_stamp,631454056605,xVal,0.026881283,yVal,-0.0073320153,zVal,0.0024467793
t_stamp,631472699625,xVal,0.026881283,yVal,-0.0097704725,zVal,0.0012233896
t_stamp,631491390047,xVal,0.03054313,yVal,-0.008555405,zVal,0.0036618465
t_stamp,631510047019,xVal,0.02809635,yVal,-0.0109938625,zVal,0.0024467793
t_stamp,631528720142,xVal,0.032989908,yVal,-0.008555405,zVal,0.0
t_stamp,631547389574,xVal,0.02809635,yVal,-0.008555405,zVal,0.0012233896
t_stamp,631566044302,xVal,0.026881283,yVal,-0.0073320153,zVal,0.0024467793
t_stamp,631584731534,xVal,0.026881283,yVal,-0.0097704725,zVal,0.0012233896
t_stamp,631603383450,xVal,0.029319739,yVal,-0.008555405,zVal,0.0024467793
t_stamp,631622054656,xVal,0.024434503,yVal,-0.008555405,zVal,0.0024467793
t_stamp,631640731748,xVal,0.025657892,yVal,-0.008555405,zVal,0.0012233896
t_stamp,631659376952,xVal,0.029319739,yVal,-0.0109938625,zVal,0.0024467793
t_stamp,631678052234,xVal,0.03054313,yVal,-0.008555405,zVal,0.0024467793
t_stamp,631696729253,xVal,0.03176652,yVal,-0.006108626,zVal,0.0048852363
t_stamp,631715378431,xVal,0.029319739,yVal,-0.0073320153,zVal,0.0012233896
t_stamp,631734055153,xVal,0.021987725,yVal,-0.008555405,zVal,0.0012233896
t_stamp,631752738661,xVal,0.03176652,yVal,-0.008555405,zVal,0.0012233896
t_stamp,631771380678,xVal,0.02809635,yVal,-0.008555405,zVal,0.0
t_stamp,631790073133,xVal,0.029319739,yVal,-0.0097704725,zVal,0.0024467793
t_stamp,631808743614,xVal,0.029319739,yVal,-0.008555405,zVal,0.0012233896
t_stamp,631827392793,xVal,0.029319739,yVal,-0.008555405,zVal,-0.0012233896
t_stamp,631846069931,xVal,0.029319739,yVal,-0.0097704725,zVal,0.0012233896
t_stamp,631864724447,xVal,0.02809635,yVal,-0.0073320153,zVal,0.0036618465
t_stamp,631882497293,xVal,0.026881283,yVal,-0.0073320153,zVal,0.0012233896
t_stamp,631901172549,xVal,0.02809635,yVal,-0.008555405,zVal,0.0012233896
t_stamp,631919827179,xVal,0.03176652,yVal,-0.006108626,zVal,0.0024467793
t_stamp,631938504728,xVal,0.029319739,yVal,-0.0073320153,zVal,0.0024467793
t_stamp,631957182233,xVal,0.037875146,yVal,-0.006108626,zVal,0.0012233896
t_stamp,631975861704,xVal,0.012217252,yVal,-0.0097704725,zVal,0.0024467793
t_stamp,631994498665,xVal,0.053754244,yVal,-0.0036618465,zVal,0.0036618465
t_stamp,632013177942,xVal,0.0109938625,yVal,-0.0097704725,zVal,0.0012233896
t_stamp,632031840968,xVal,0.04276038,yVal,-0.006108626,zVal,0.0012233896
t_stamp,632050531912,xVal,0.02809635,yVal,-0.0097704725,zVal,0.0024467793
t_stamp,632069177779,xVal,0.023211114,yVal,-0.0073320153,zVal,0.0036618465
t_stamp,632087841465,xVal,0.03054313,yVal,-0.0073320153,zVal,0.0012233896
t_stamp,632106519745,xVal,0.024434503,yVal,-0.008555405,zVal,0.0
t_stamp,632125223700,xVal,0.034204975,yVal,-0.0073320153,zVal,0.0024467793
t_stamp,632143856248,xVal,0.025657892,yVal,-0.008555405,zVal,0.0024467793
t_stamp,632162516874,xVal,0.03176652,yVal,-0.0073320153,zVal,0.0036618465
t_stamp,632181176429,xVal,0.025657892,yVal,-0.0109938625,zVal,0.0036618465
t_stamp,632199845356,xVal,0.02809635,yVal,-0.008555405,zVal,0.0024467793
t_stamp,632218529489,xVal,0.029319739,yVal,-0.006108626,zVal,0.0024467793
t_stamp,632237190225,xVal,0.026881283,yVal,-0.0097704725,zVal,0.0036618465
t_stamp,632255853606,xVal,0.029319739,yVal,-0.008555405,zVal,0.0
t_stamp,632274540629,xVal,0.024434503,yVal,-0.008555405,zVal,0.0024467793
t_stamp,632293187677,xVal,0.032989908,yVal,-0.0097704725,zVal,0.0024467793
t_stamp,632311921585,xVal,0.02809635,yVal,-0.0073320153,zVal,0.0024467793
t_stamp,632330534566,xVal,0.02809635,yVal,-0.006108626,zVal,0.0024467793
t_stamp,632349207894,xVal,0.02809635,yVal,-0.008555405,zVal,0.0
t_stamp,632367858678,xVal,0.03176652,yVal,-0.0073320153,zVal,0.0
t_stamp,632386547708,xVal,0.03054313,yVal,-0.006108626,zVal,0.0012233896
t_stamp,632405192220,xVal,0.029319739,yVal,-0.008555405,zVal,0.0012233896
t_stamp,632423859684,xVal,0.03054313,yVal,-0.008555405,zVal,0.0012233896
t_stamp,632442544777,xVal,0.026881283,yVal,-0.0073320153,zVal,0.0024467793
t_stamp,632461207997,xVal,0.03176652,yVal,-0.0097704725,zVal,-0.0012233896
t_stamp,632479871439,xVal,0.032989908,yVal,-0.008555405,zVal,0.0012233896
t_stamp,632498555603,xVal,0.02809635,yVal,-0.008555405,zVal,0.0012233896
t_stamp,632517200233,xVal,0.02809635,yVal,-0.008555405,zVal,0.0024467793
t_stamp,632535865514,xVal,0.02809635,yVal,-0.008555405,zVal,0.0012233896
t_stamp,632554538475,xVal,0.025657892,yVal,-0.0109938625,zVal,0.0012233896
t_stamp,632573223775,xVal,0.029319739,yVal,-0.006108626,zVal,0.0012233896
t_stamp,632591874135,xVal,0.036651757,yVal,-0.0036618465,zVal,0.0036618465
t_stamp,632610538684,xVal,0.032989908,yVal,-0.008555405,zVal,0.006108626
t_stamp,632629215034,xVal,0.03176652,yVal,-0.0073320153,zVal,0.0036618465
t_stamp,632647883106,xVal,0.023211114,yVal,-0.0097704725,zVal,0.0012233896
t_stamp,632666564849,xVal,0.029319739,yVal,-0.0097704725,zVal,0.0024467793
t_stamp,632685237359,xVal,0.02809635,yVal,-0.008555405,zVal,0.0024467793
t_stamp,632703882276,xVal,0.034204975,yVal,-0.0073320153,zVal,0.0012233896
t_stamp,632722558716,xVal,0.034204975,yVal,-0.0073320153,zVal,0.0012233896
t_stamp,632741222985,xVal,0.02809635,yVal,-0.0097704725,zVal,0.0012233896
t_stamp,632759890250,xVal,0.026881283,yVal,-0.0073320153,zVal,0.0036618465
t_stamp,632778554532,xVal,0.029319739,yVal,-0.008555405,zVal,0.0024467793
t_stamp,632797240400,xVal,0.03054313,yVal,-0.0073320153,zVal,0.0024467793
t_stamp,632815879070,xVal,0.03054313,yVal,-0.008555405,zVal,0.0024467793
t_stamp,632834558509,xVal,0.03054313,yVal,-0.0073320153,zVal,0.0
t_stamp,632853227248,xVal,0.026881283,yVal,-0.006108626,zVal,0.0012233896
t_stamp,632871901459,xVal,0.03176652,yVal,-0.008555405,zVal,0.0024467793
t_stamp,632890572271,xVal,0.029319739,yVal,-0.0073320153,zVal,0.0012233896
t_stamp,632909223686,xVal,0.032989908,yVal,-0.0048852363,zVal,0.0
t_stamp,632927897266,xVal,0.032989908,yVal,-0.006108626,zVal,0.0012233896
t_stamp,632946565507,xVal,0.03054313,yVal,-0.008555405,zVal,0.0012233896
t_stamp,632965324710,xVal,0.026881283,yVal,-0.0109938625,zVal,0.0024467793
t_stamp,632983909432,xVal,0.03054313,yVal,-0.0109938625,zVal,0.0
t_stamp,633002561674,xVal,0.029319739,yVal,-0.006108626,zVal,0.0012233896
t_stamp,633021226874,xVal,0.03054313,yVal,-0.0073320153,zVal,0.0
t_stamp,633039914793,xVal,0.03176652,yVal,-0.008555405,zVal,0.0012233896
t_stamp,633058565201,xVal,0.03054313,yVal,-0.0048852363,zVal,0.0012233896
t_stamp,633077238124,xVal,0.029319739,yVal,-0.0073320153,zVal,0.0024467793
t_stamp,633095922094,xVal,0.025657892,yVal,-0.006108626,zVal,0.0024467793
t_stamp,633114585810,xVal,0.02809635,yVal,-0.006108626,zVal,0.0024467793
t_stamp,633133243927,xVal,0.029319739,yVal,-0.006108626,zVal,0.0
t_stamp,633151910194,xVal,0.029319739,yVal,-0.0097704725,zVal,0.0
t_stamp,633170593664,xVal,0.029319739,yVal,-0.0109938625,zVal,0.0024467793
t_stamp,633189241143,xVal,0.029319739,yVal,-0.006108626,zVal,0.0012233896
t_stamp,633207930058,xVal,0.02809635,yVal,-0.006108626,zVal,0.0
t_stamp,633226588379,xVal,0.026881283,yVal,-0.006108626,zVal,0.0012233896
t_stamp,633245253394,xVal,0.02809635,yVal,-0.008555405,zVal,0.0012233896
t_stamp,633263920674,xVal,0.026881283,yVal,-0.008555405,zVal,0.0012233896
t_stamp,633282591126,xVal,0.03054313,yVal,-0.0097704725,zVal,0.0012233896
t_stamp,633301251737,xVal,0.032989908,yVal,-0.0109938625,zVal,0.0012233896
t_stamp,633319932273,xVal,0.034204975,yVal,-0.008555405,zVal,0.0
t_stamp,633338594676,xVal,0.02809635,yVal,-0.0097704725,zVal,0.0024467793
t_stamp,633357264425,xVal,0.02809635,yVal,-0.008555405,zVal,0.0036618465
t_stamp,633375934077,xVal,0.029319739,yVal,-0.008555405,zVal,0.0048852363
t_stamp,633394582127,xVal,0.03054313,yVal,-0.0097704725,zVal,0.0024467793
t_stamp,633413267845,xVal,0.025657892,yVal,-0.008555405,zVal,0.0036618465
t_stamp,633431921968,xVal,0.03054313,yVal,-0.0097704725,zVal,0.0012233896
t_stamp,633450586068,xVal,0.03176652,yVal,-0.0109938625,zVal,0.0012233896
t_stamp,633469258091,xVal,0.03176652,yVal,-0.0048852363,zVal,0.0012233896
t_stamp,633486441293,xVal,0.029319739,yVal,-0.0073320153,zVal,0.0
t_stamp,633505109827,xVal,0.02809635,yVal,-0.0097704725,zVal,0.0012233896
t_stamp,633523763195,xVal,0.025657892,yVal,-0.006108626,zVal,0.0012233896
t_stamp,633542430787,xVal,0.03176652,yVal,-0.008555405,zVal,0.0
t_stamp,633561109269,xVal,0.03054313,yVal,-0.008555405,zVal,0.0024467793
t_stamp,633579769163,xVal,0.03176652,yVal,-0.008555405,zVal,0.0012233896
t_stamp,633598452697,xVal,0.04520716,yVal,-0.0097704725,zVal,0.0036618465
t_stamp,633617126648,xVal,0.034204975,yVal,-0.008555405,zVal,0.0024467793
t_stamp,633635798040,xVal,0.02809635,yVal,-0.008555405,zVal,0.0024467793
t_stamp,633654446070,xVal,0.03054313,yVal,-0.006108626,zVal,0.0036618465
t_stamp,633673117522,xVal,0.034204975,yVal,-0.006108626,zVal,0.0012233896
t_stamp,633691785483,xVal,0.037875146,yVal,-0.0097704725,zVal,0.0012233896
t_stamp,633710449433,xVal,0.032989908,yVal,-0.0097704725,zVal,0.0024467793
t_stamp,633729126666,xVal,0.026881283,yVal,-0.0073320153,zVal,0.0024467793
t_stamp,633747790553,xVal,0.034204975,yVal,-0.0073320153,zVal,0.0024467793
t_stamp,633766444774,xVal,0.025657892,yVal,-0.0073320153,zVal,0.0024467793
t_stamp,633785107628,xVal,0.021987725,yVal,-0.008555405,zVal,0.0012233896
t_stamp,633803797216,xVal,0.024434503,yVal,-0.0097704725,zVal,0.0012233896
t_stamp,633822470148,xVal,0.02809635,yVal,-0.0073320153,zVal,0.0048852363
t_stamp,633841130524,xVal,0.02809635,yVal,-0.0097704725,zVal,0.0012233896
t_stamp,633859784324,xVal,0.02809635,yVal,-0.0109938625,zVal,0.0024467793
t_stamp,633878457598,xVal,0.034204975,yVal,-0.0109938625,zVal,0.0012233896
t_stamp,633897127899,xVal,0.032989908,yVal,-0.008555405,zVal,0.0036618465
t_stamp,633915809418,xVal,0.03176652,yVal,-0.008555405,zVal,0.0024467793
t_stamp,633934448788,xVal,0.032989908,yVal,-0.008555405,zVal,0.0024467793
t_stamp,633953135906,xVal,0.032989908,yVal,-0.006108626,zVal,0.0012233896
t_stamp,633971798138,xVal,0.029319739,yVal,-0.0073320153,zVal,0.0012233896
t_stamp,633990452192,xVal,0.03176652,yVal,-0.006108626,zVal,0.0012233896
t_stamp,634009147145,xVal,0.02809635,yVal,-0.008555405,zVal,0.0012233896
t_stamp,634027814824,xVal,0.032989908,yVal,-0.008555405,zVal,0.0012233896
t_stamp,634046483863,xVal,0.03054313,yVal,-0.0073320153,zVal,0.0012233896
t_stamp,634065127871,xVal,0.03176652,yVal,-0.0036618465,zVal,0.0024467793
t_stamp,634083808253,xVal,0.025657892,yVal,-0.008555405,zVal,0.0012233896
t_stamp,634102475852,xVal,0.02809635,yVal,-0.0073320153,zVal,0.0012233896
t_stamp,634121134383,xVal,0.025657892,yVal,-0.0097704725,zVal,0.0024467793
t_stamp,634139798309,xVal,0.029319739,yVal,-0.0097704725,zVal,0.0036618465
t_stamp,634158481670,xVal,0.026881283,yVal,-0.0109938625,zVal,0.0024467793
t_stamp,634177134523,xVal,0.02809635,yVal,-0.0097704725,zVal,0.0024467793
t_stamp,634195817473,xVal,0.02809635,yVal,-0.008555405,zVal,0.0012233896
t_stamp,634214470275,xVal,0.029319739,yVal,-0.006108626,zVal,0.0012233896
t_stamp,634233156979,xVal,0.025657892,yVal,-0.008555405,zVal,0.0024467793
t_stamp,634251823446,xVal,0.032989908,yVal,-0.008555405,zVal,0.0036618465
t_stamp,634270325550,xVal,0.02809635,yVal,-0.0109938625,zVal,0.0
t_stamp,634288967297,xVal,0.02809635,yVal,-0.0097704725,zVal,0.0
t_stamp,634307648190,xVal,0.03176652,yVal,-0.008555405,zVal,0.0012233896
t_stamp,634326306988,xVal,0.03176652,yVal,-0.012217252,zVal,0.0012233896
t_stamp,634344983163,xVal,0.032989908,yVal,-0.0109938625,zVal,0.0012233896
t_stamp,634363647058,xVal,0.03054313,yVal,-0.008555405,zVal,0.0012233896
t_stamp,634382325259,xVal,0.03176652,yVal,-0.008555405,zVal,0.0
t_stamp,634400977904,xVal,0.03054313,yVal,-0.008555405,zVal,0.0048852363
t_stamp,634419645168,xVal,0.02809635,yVal,-0.006108626,zVal,0.0036618465
t_stamp,634438328441,xVal,0.02809635,yVal,-0.0073320153,zVal,0.0012233896
t_stamp,634457005044,xVal,0.026881283,yVal,-0.008555405,zVal,0.0024467793
t_stamp,634475656560,xVal,0.02809635,yVal,-0.0097704725,zVal,0.0012233896
t_stamp,634494337402,xVal,0.029319739,yVal,-0.0097704725,zVal,0.0024467793
t_stamp,634512998586,xVal,0.029319739,yVal,-0.0097704725,zVal,0.0
t_stamp,634531676013,xVal,0.025657892,yVal,-0.006108626,zVal,0.0036618465
t_stamp,634550336821,xVal,0.03176652,yVal,-0.0024467793,zVal,0.0036618465
t_stamp,634568996702,xVal,0.032989908,yVal,-0.0073320153,zVal,0.0012233896
t_stamp,634587657238,xVal,0.03176652,yVal,-0.012217252,zVal,0.0012233896
t_stamp,634606321560,xVal,0.026881283,yVal,-0.008555405,zVal,0.0012233896
t_stamp,634624992558,xVal,0.02809635,yVal,-0.008555405,zVal,0.0012233896
t_stamp,634643669972,xVal,0.03054313,yVal,-0.008555405,zVal,0.0024467793
t_stamp,634662326947,xVal,0.029319739,yVal,-0.008555405,zVal,0.0024467793
t_stamp,634681018961,xVal,0.02809635,yVal,-0.0097704725,zVal,0.0012233896
t_stamp,634699683548,xVal,0.029319739,yVal,-0.0073320153,zVal,0.0036618465
t_stamp,634718342645,xVal,0.034204975,yVal,-0.0097704725,zVal,0.0036618465
t_stamp,634737006875,xVal,0.03176652,yVal,-0.006108626,zVal,0.0036618465
t_stamp,634755665923,xVal,0.02809635,yVal,-0.006108626,zVal,0.0024467793
t_stamp,634774353020,xVal,0.03054313,yVal,-0.008555405,zVal,0.0024467793
t_stamp,634792999477,xVal,0.03054313,yVal,-0.0109938625,zVal,0.0012233896
t_stamp,634811674986,xVal,0.03176652,yVal,-0.008555405,zVal,0.0024467793
t_stamp,634830338822,xVal,0.03176652,yVal,-0.0073320153,zVal,0.0024467793
t_stamp,634848999810,xVal,0.034204975,yVal,-0.0097704725,zVal,0.0012233896
t_stamp,634867693584,xVal,0.034204975,yVal,-0.008555405,zVal,0.0024467793
t_stamp,634886338336,xVal,0.03176652,yVal,-0.0073320153,zVal,0.0012233896
t_stamp,634905019934,xVal,0.03176652,yVal,-0.008555405,zVal,0.0012233896
t_stamp,634923697260,xVal,0.03054313,yVal,-0.0097704725,zVal,0.0024467793
t_stamp,634942342762,xVal,0.03054313,yVal,-0.008555405,zVal,0.0012233896
t_stamp,634961021067,xVal,0.026881283,yVal,-0.0097704725,zVal,0.0012233896
t_stamp,634979700113,xVal,0.026881283,yVal,-0.0073320153,zVal,0.0036618465
t_stamp,634998350757,xVal,0.026881283,yVal,-0.008555405,zVal,0.0048852363
t_stamp,635017016003,xVal,0.026881283,yVal,-0.0073320153,zVal,0.0036618465
t_stamp,635035679999,xVal,0.02809635,yVal,-0.0073320153,zVal,0.0036618465
t_stamp,635054369376,xVal,0.02809635,yVal,-0.0073320153,zVal,0.0036618465
t_stamp,635072504635,xVal,0.029319739,yVal,-0.0073320153,zVal,0.0036618465
t_stamp,635091150581,xVal,0.03054313,yVal,-0.0073320153,zVal,0.0024467793
t_stamp,635109835859,xVal,0.029319739,yVal,-0.008555405,zVal,0.0024467793
t_stamp,635128494452,xVal,0.02809635,yVal,-0.0109938625,zVal,0.0012233896
t_stamp,635147156740,xVal,0.03054313,yVal,-0.008555405,zVal,0.0036618465
t_stamp,635165829802,xVal,0.03054313,yVal,-0.0048852363,zVal,0.0024467793
t_stamp,635184496402,xVal,0.029319739,yVal,-0.0048852363,zVal,0.0
t_stamp,635203181214,xVal,0.03054313,yVal,-0.0097704725,zVal,0.0036618465
t_stamp,635221849455,xVal,0.029319739,yVal,-0.008555405,zVal,0.0036618465
t_stamp,635240514659,xVal,0.029319739,yVal,-0.006108626,zVal,0.0024467793
t_stamp,635259171771,xVal,0.032989908,yVal,-0.0073320153,zVal,0.0024467793
t_stamp,635277835565,xVal,0.03054313,yVal,-0.0097704725,zVal,0.0
t_stamp,635296495512,xVal,0.032989908,yVal,-0.012217252,zVal,0.0012233896
t_stamp,635315191443,xVal,0.03054313,yVal,-0.0097704725,zVal,0.0024467793
t_stamp,635333835831,xVal,0.03054313,yVal,-0.0097704725,zVal,0.0036618465
t_stamp,635352508380,xVal,0.03176652,yVal,-0.008555405,zVal,0.0024467793
t_stamp,635371173448,xVal,0.03054313,yVal,-0.0073320153,zVal,0.0024467793
t_stamp,635389859286,xVal,0.02809635,yVal,-0.008555405,zVal,0.0024467793
t_stamp,635408522973,xVal,0.02809635,yVal,-0.0097704725,zVal,0.0048852363
t_stamp,635427199056,xVal,0.02809635,yVal,-0.0097704725,zVal,0.0024467793
t_stamp,635445852160,xVal,0.029319739,yVal,-0.0097704725,zVal,0.0024467793
t_stamp,635464514822,xVal,0.03176652,yVal,-0.0097704725,zVal,0.0024467793
t_stamp,635483187322,xVal,0.029319739,yVal,-0.0097704725,zVal,0.0012233896
t_stamp,635501843217,xVal,0.026881283,yVal,-0.0073320153,zVal,0.0024467793
t_stamp,635520523562,xVal,0.024434503,yVal,-0.008555405,zVal,0.0024467793
t_stamp,635539188130,xVal,0.029319739,yVal,-0.008555405,zVal,0.0024467793
t_stamp,635557858852,xVal,0.029319739,yVal,-0.0073320153,zVal,0.0012233896
t_stamp,635576532825,xVal,0.03054313,yVal,-0.008555405,zVal,0.0012233896
t_stamp,635595201081,xVal,0.02809635,yVal,-0.0073320153,zVal,0.0012233896
t_stamp,635613870643,xVal,0.034204975,yVal,-0.0109938625,zVal,0.0
t_stamp,635632542416,xVal,0.03054313,yVal,-0.008555405,zVal,0.0024467793
t_stamp,635651197203,xVal,0.034204975,yVal,-0.008555405,zVal,0.0024467793
t_stamp,635669852482,xVal,0.03054313,yVal,-0.008555405,zVal,0.0048852363
t_stamp,635688528730,xVal,0.029319739,yVal,-0.0097704725,zVal,0.0024467793
t_stamp,635707209786,xVal,0.02809635,yVal,-0.008555405,zVal,0.0024467793
t_stamp,635725859583,xVal,0.02809635,yVal,-0.0073320153,zVal,0.0036618465
t_stamp,635744529003,xVal,0.03054313,yVal,-0.008555405,zVal,0.0024467793
t_stamp,635763201703,xVal,0.029319739,yVal,-0.008555405,zVal,0.0012233896
t_stamp,635781883786,xVal,0.02809635,yVal,-0.0097704725,zVal,0.0012233896
t_stamp,635800537290,xVal,0.03054313,yVal,-0.006108626,zVal,0.0024467793
t_stamp,635819197718,xVal,0.036651757,yVal,-0.008555405,zVal,0.0012233896
t_stamp,635837892560,xVal,0.029319739,yVal,-0.0097704725,zVal,0.0024467793
t_stamp,635856554825,xVal,0.025657892,yVal,-0.0109938625,zVal,0.0012233896
t_stamp,635876124448,xVal,0.02809635,yVal,-0.008555405,zVal,0.0012233896
t_stamp,635894783027,xVal,0.029319739,yVal,-0.0073320153,zVal,0.0024467793
t_stamp,635913443367,xVal,0.026881283,yVal,-0.0073320153,zVal,0.0024467793
t_stamp,635932129518,xVal,0.02809635,yVal,-0.0097704725,zVal,0.0024467793
t_stamp,635950793833,xVal,0.024434503,yVal,-0.0073320153,zVal,0.0012233896
t_stamp,635969441670,xVal,0.029319739,yVal,-0.008555405,zVal,0.0036618465
t_stamp,635988121151,xVal,0.024434503,yVal,-0.0097704725,zVal,0.0012233896
t_stamp,636006807077,xVal,0.029319739,yVal,-0.0073320153,zVal,0.0012233896
t_stamp,636025453881,xVal,0.03054313,yVal,-0.0073320153,zVal,0.0024467793
t_stamp,636044117255,xVal,0.03176652,yVal,-0.0073320153,zVal,0.0024467793
t_stamp,636062796572,xVal,0.04642223,yVal,-0.0073320153,zVal,0.0
t_stamp,636081465897,xVal,0.024434503,yVal,-0.017102487,zVal,0.014664031
t_stamp,636100144760,xVal,0.04153699,yVal,-0.0048852363,zVal,0.026881283
t_stamp,636118810956,xVal,0.02809635,yVal,-0.006108626,zVal,0.0109938625
t_stamp,636137459933,xVal,0.02809635,yVal,-0.008555405,zVal,0.0
t_stamp,636156134450,xVal,0.025657892,yVal,-0.0097704725,zVal,0.0024467793
t_stamp,636174800997,xVal,0.03176652,yVal,-0.008555405,zVal,0.0024467793
t_stamp,636193473483,xVal,0.03054313,yVal,-0.008555405,zVal,0.0012233896
t_stamp,636212150618,xVal,0.029319739,yVal,-0.006108626,zVal,0.0012233896
t_stamp,636230809971,xVal,0.03176652,yVal,-0.0073320153,zVal,0.0048852363
t_stamp,636249477978,xVal,0.029319739,yVal,-0.0073320153,zVal,0.0036618465
t_stamp,636268141466,xVal,0.03054313,yVal,-0.006108626,zVal,0.0012233896
t_stamp,636286807969,xVal,0.03054313,yVal,-0.0073320153,zVal,0.0012233896
t_stamp,636305466437,xVal,0.03054313,yVal,-0.0073320153,zVal,0.0024467793
t_stamp,636324149574,xVal,0.026881283,yVal,-0.008555405,zVal,0.0012233896
t_stamp,636342805136,xVal,0.029319739,yVal,-0.0097704725,zVal,0.0012233896
t_stamp,636361474972,xVal,0.032989908,yVal,-0.0097704725,zVal,0.0024467793
t_stamp,636380144712,xVal,0.03054313,yVal,-0.0073320153,zVal,0.0024467793
t_stamp,636398828177,xVal,0.03054313,yVal,-0.008555405,zVal,0.0012233896
t_stamp,636417477229,xVal,0.03176652,yVal,-0.0073320153,zVal,0.0024467793
t_stamp,636436155366,xVal,0.024434503,yVal,-0.0097704725,zVal,0.0
t_stamp,636454833009,xVal,0.02809635,yVal,-0.0048852363,zVal,0.0
t_stamp,636473480174,xVal,0.03054313,yVal,-0.006108626,zVal,0.0036618465
t_stamp,636492161211,xVal,0.026881283,yVal,-0.0073320153,zVal,0.0048852363
t_stamp,636510842082,xVal,-0.026881283,yVal,0.0109938625,zVal,0.0012233896
t_stamp,636529482859,xVal,0.019549267,yVal,0.0036618465,zVal,0.0036618465
t_stamp,636548168069,xVal,0.006108626,yVal,-0.014664031,zVal,-0.0024467793
t_stamp,636566818370,xVal,0.0403136,yVal,-0.012217252,zVal,-0.025657892
t_stamp,636585499085,xVal,0.039098535,yVal,-0.023211114,zVal,-0.12705776
t_stamp,636604178498,xVal,0.043983772,yVal,-0.032989908,zVal,-0.27733493
t_stamp,636622827611,xVal,0.0097704725,yVal,0.037875146,zVal,-0.43005058
t_stamp,636641505712,xVal,0.8026768,yVal,0.22724254,zVal,-0.25778568
t_stamp,636661042350,xVal,0.32620394,yVal,0.034204975,zVal,-0.047645617
t_stamp,636679763010,xVal,0.0745269,yVal,0.0,zVal,0.008555405
t_stamp,636698380868,xVal,0.008555405,yVal,0.0012233896,zVal,0.0024467793
t_stamp,636717041101,xVal,0.054977633,yVal,-0.014664031,zVal,-0.0012233896
t_stamp,636735713437,xVal,0.032989908,yVal,-0.020772656,zVal,0.0012233896
t_stamp,636754380793,xVal,0.015879098,yVal,0.0,zVal,0.0
t_stamp,636773048165,xVal,0.026881283,yVal,-0.0012233896,zVal,0.0
t_stamp,636791720702,xVal,0.04520716,yVal,-0.018325878,zVal,0.0
t_stamp,636810388240,xVal,0.032989908,yVal,-0.0073320153,zVal,-0.0012233896
t_stamp,636829064121,xVal,0.018325878,yVal,-0.0036618465,zVal,-0.0012233896
t_stamp,636847719321,xVal,0.03176652,yVal,-0.012217252,zVal,0.0012233896
t_stamp,636866387630,xVal,0.029319739,yVal,-0.008555405,zVal,0.0012233896
t_stamp,636885046899,xVal,0.025657892,yVal,-0.0048852363,zVal,0.0024467793
t_stamp,636903710533,xVal,0.032989908,yVal,-0.0097704725,zVal,0.0024467793
t_stamp,636922390258,xVal,0.034204975,yVal,-0.008555405,zVal,0.0024467793
t_stamp,636941058543,xVal,0.018325878,yVal,-0.006108626,zVal,0.0024467793
t_stamp,636959742499,xVal,0.03054313,yVal,-0.012217252,zVal,0.013440642
t_stamp,636978401951,xVal,0.02809635,yVal,-0.012217252,zVal,0.04520716
t_stamp,636997076145,xVal,0.026881283,yVal,-0.006108626,zVal,0.015879098
t_stamp,637015733013,xVal,0.034204975,yVal,-0.0073320153,zVal,0.0024467793
t_stamp,637034403880,xVal,0.023211114,yVal,-0.006108626,zVal,0.0024467793
t_stamp,637053081708,xVal,0.03054313,yVal,-0.008555405,zVal,0.0036618465
t_stamp,637071750590,xVal,0.032989908,yVal,-0.0109938625,zVal,0.0024467793
t_stamp,637090407349,xVal,0.029319739,yVal,-0.0048852363,zVal,0.0012233896
t_stamp,637109078585,xVal,0.025657892,yVal,-0.0048852363,zVal,0.0036618465
t_stamp,637127749794,xVal,0.03176652,yVal,-0.0097704725,zVal,0.0012233896
t_stamp,637146414471,xVal,0.029319739,yVal,-0.008555405,zVal,0.0024467793
t_stamp,637165081905,xVal,0.026881283,yVal,-0.0073320153,zVal,0.0012233896
t_stamp,637183750879,xVal,0.029319739,yVal,-0.0109938625,zVal,0.0036618465
t_stamp,637202420906,xVal,0.03176652,yVal,-0.0073320153,zVal,0.0024467793
t_stamp,637221092922,xVal,0.029319739,yVal,-0.0073320153,zVal,0.0036618465
t_stamp,637239748964,xVal,0.029319739,yVal,-0.012217252,zVal,0.0024467793
t_stamp,637258421628,xVal,0.025657892,yVal,-0.0073320153,zVal,0.0024467793
t_stamp,637277067961,xVal,0.023211114,yVal,-0.006108626,zVal,0.0036618465
t_stamp,637295751129,xVal,0.029319739,yVal,-0.006108626,zVal,0.0036618465
t_stamp,637314431372,xVal,0.03176652,yVal,-0.0073320153,zVal,-0.0012233896
t_stamp,637333099119,xVal,0.034204975,yVal,-0.0073320153,zVal,-0.0024467793
t_stamp,637351743665,xVal,0.035428364,yVal,-0.0097704725,zVal,-0.0012233896
t_stamp,637370410086,xVal,0.020772656,yVal,0.0,zVal,0.0012233896
t_stamp,637389081811,xVal,0.026881283,yVal,-0.012217252,zVal,0.0
t_stamp,637407745913,xVal,0.021987725,yVal,-0.008555405,zVal,0.0
t_stamp,637426433366,xVal,0.02809635,yVal,-0.008555405,zVal,0.0024467793
t_stamp,637445098393,xVal,0.036651757,yVal,-0.0048852363,zVal,0.0036618465
t_stamp,637463253032,xVal,0.03054313,yVal,-0.008555405,zVal,0.0024467793
t_stamp,637481923968,xVal,0.03054313,yVal,-0.008555405,zVal,0.0024467793
t_stamp,637500587089,xVal,0.02809635,yVal,-0.006108626,zVal,0.0
t_stamp,637519248358,xVal,0.039098535,yVal,-0.0073320153,zVal,0.0012233896
t_stamp,637537936941,xVal,0.036651757,yVal,-0.0073320153,zVal,0.0
t_stamp,637556581056,xVal,0.035428364,yVal,-0.008555405,zVal,0.0012233896
t_stamp,637575255048,xVal,0.02809635,yVal,-0.0097704725,zVal,0.0036618465
t_stamp,637593932963,xVal,0.025657892,yVal,-0.0097704725,zVal,0.0036618465
t_stamp,637612586791,xVal,0.025657892,yVal,-0.006108626,zVal,0.0012233896
t_stamp,637631249619,xVal,0.03054313,yVal,-0.0073320153,zVal,0.0012233896
t_stamp,637649927157,xVal,0.021987725,yVal,-0.012217252,zVal,0.0024467793
t_stamp,637668598657,xVal,0.03176652,yVal,-0.006108626,zVal,0.0
t_stamp,637687277234,xVal,0.025657892,yVal,-0.008555405,zVal,0.0012233896
t_stamp,637705930715,xVal,0.02809635,yVal,-0.0048852363,zVal,0.0036618465
t_stamp,637724589620,xVal,0.025657892,yVal,-0.0073320153,zVal,0.0024467793
t_stamp,637743278147,xVal,0.03176652,yVal,-0.0097704725,zVal,0.0024467793
t_stamp,637761935017,xVal,0.034204975,yVal,-0.0097704725,zVal,0.0024467793
t_stamp,637780606308,xVal,0.03054313,yVal,-0.008555405,zVal,0.0012233896
t_stamp,637799283343,xVal,0.02809635,yVal,-0.0048852363,zVal,0.0012233896
t_stamp,637817940234,xVal,0.023211114,yVal,-0.006108626,zVal,0.0024467793
t_stamp,637836616052,xVal,0.023211114,yVal,-0.0097704725,zVal,0.0024467793
t_stamp,637855267946,xVal,0.020772656,yVal,-0.008555405,zVal,0.0024467793
t_stamp,637873938081,xVal,0.03054313,yVal,-0.0109938625,zVal,0.0012233896
t_stamp,637892612731,xVal,0.026881283,yVal,-0.008555405,zVal,0.0012233896
t_stamp,637911267623,xVal,0.032989908,yVal,-0.008555405,zVal,0.0012233896
t_stamp,637929934868,xVal,0.03054313,yVal,-0.0109938625,zVal,0.0024467793
t_stamp,637948603663,xVal,0.03176652,yVal,-0.008555405,zVal,0.0036618465
t_stamp,637967279311,xVal,0.029319739,yVal,-0.0097704725,zVal,0.0024467793
t_stamp,637985942940,xVal,0.02809635,yVal,-0.008555405,zVal,0.0024467793
t_stamp,638004618285,xVal,0.025657892,yVal,-0.006108626,zVal,0.0012233896
t_stamp,638023277914,xVal,0.025657892,yVal,-0.008555405,zVal,0.0024467793
t_stamp,638041951604,xVal,0.03054313,yVal,-0.0073320153,zVal,0.0
t_stamp,638060616815,xVal,0.03176652,yVal,-0.0109938625,zVal,0.0012233896
t_stamp,638079278371,xVal,0.02809635,yVal,-0.008555405,zVal,0.0024467793
t_stamp,638097955551,xVal,0.026881283,yVal,-0.006108626,zVal,0.0
t_stamp,638116610868,xVal,0.03054313,yVal,-0.008555405,zVal,0.0012233896
t_stamp,638135275092,xVal,0.03054313,yVal,-0.008555405,zVal,0.0
t_stamp,638153963375,xVal,0.034204975,yVal,-0.008555405,zVal,0.0024467793
t_stamp,638172618643,xVal,0.029319739,yVal,-0.0109938625,zVal,0.0036618465
t_stamp,638191292534,xVal,0.02809635,yVal,-0.008555405,zVal,0.0012233896
t_stamp,638209963064,xVal,0.03054313,yVal,-0.008555405,zVal,0.0
t_stamp,638228639462,xVal,0.029319739,yVal,-0.0097704725,zVal,0.0
t_stamp,638247293597,xVal,0.03054313,yVal,-0.0097704725,zVal,0.0036618465
t_stamp,638266551645,xVal,0.032989908,yVal,-0.0097704725,zVal,0.0024467793
t_stamp,638285230871,xVal,0.03176652,yVal,-0.008555405,zVal,0.0024467793
t_stamp,638303892850,xVal,0.03176652,yVal,-0.008555405,zVal,0.0036618465
t_stamp,638322570981,xVal,0.03054313,yVal,-0.0097704725,zVal,0.0024467793
t_stamp,638341233314,xVal,0.02809635,yVal,-0.0073320153,zVal,0.0012233896
t_stamp,638359887120,xVal,0.02809635,yVal,-0.008555405,zVal,0.0024467793
t_stamp,638378575501,xVal,0.026881283,yVal,-0.0097704725,zVal,0.0012233896
t_stamp,638397231131,xVal,0.02809635,yVal,-0.006108626,zVal,0.0012233896
t_stamp,638415901682,xVal,0.029319739,yVal,-0.0048852363,zVal,0.0036618465
t_stamp,638434578559,xVal,0.029319739,yVal,-0.008555405,zVal,0.0024467793
t_stamp,638453226646,xVal,0.025657892,yVal,-0.0097704725,zVal,0.0024467793
t_stamp,638471893989,xVal,0.029319739,yVal,-0.008555405,zVal,0.0024467793
t_stamp,638490579291,xVal,0.02809635,yVal,-0.0073320153,zVal,0.0024467793
t_stamp,638509251691,xVal,0.03176652,yVal,-0.0073320153,zVal,0.0012233896
t_stamp,638527915338,xVal,0.03176652,yVal,-0.008555405,zVal,0.0024467793
t_stamp,638546593334,xVal,0.03054313,yVal,-0.0073320153,zVal,0.0036618465
t_stamp,638565235217,xVal,0.026881283,yVal,-0.008555405,zVal,0.0024467793
t_stamp,638583924956,xVal,0.029319739,yVal,-0.0073320153,zVal,0.0
t_stamp,638602589434,xVal,0.026881283,yVal,-0.0073320153,zVal,0.0012233896
t_stamp,638621241187,xVal,0.026881283,yVal,-0.0097704725,zVal,0.0024467793
t_stamp,638639921264,xVal,0.029319739,yVal,-0.0073320153,zVal,0.0024467793
t_stamp,638658583186,xVal,0.029319739,yVal,-0.0073320153,zVal,0.0
t_stamp,638677249590,xVal,0.029319739,yVal,-0.006108626,zVal,0.0
t_stamp,638695909949,xVal,0.034204975,yVal,-0.0073320153,zVal,0.0012233896
t_stamp,638714598909,xVal,0.03054313,yVal,-0.0097704725,zVal,0.0024467793
t_stamp,638733243708,xVal,0.026881283,yVal,-0.0097704725,zVal,0.0012233896
t_stamp,638751912448,xVal,0.025657892,yVal,-0.008555405,zVal,0.0036618465
t_stamp,638770576942,xVal,0.023211114,yVal,-0.008555405,zVal,0.0012233896
t_stamp,638789270179,xVal,0.026881283,yVal,-0.008555405,zVal,0.0
t_stamp,638807936209,xVal,0.03054313,yVal,-0.008555405,zVal,0.0
t_stamp,638826591210,xVal,0.03054313,yVal,-0.0073320153,zVal,0.0
t_stamp,638845273855,xVal,0.017102487,yVal,-0.008555405,zVal,0.0012233896
t_stamp,638863922271,xVal,0.025657892,yVal,-0.008555405,zVal,0.0012233896
t_stamp,638882596350,xVal,0.03176652,yVal,-0.0097704725,zVal,0.0
t_stamp,638901261518,xVal,0.02809635,yVal,-0.0109938625,zVal,0.0
t_stamp,638919936708,xVal,0.029319739,yVal,-0.0097704725,zVal,-0.0012233896
t_stamp,638938609829,xVal,0.03054313,yVal,-0.0097704725,zVal,0.0036618465
t_stamp,638957254422,xVal,0.03054313,yVal,-0.008555405,zVal,0.0012233896
t_stamp,638975946074,xVal,0.026881283,yVal,-0.008555405,zVal,0.0024467793
t_stamp,638994589308,xVal,0.02809635,yVal,-0.008555405,zVal,0.0
t_stamp,639013281911,xVal,0.026881283,yVal,-0.0073320153,zVal,0.0
t_stamp,639031925396,xVal,0.029319739,yVal,-0.0097704725,zVal,0.0012233896
t_stamp,639049524576,xVal,0.024434503,yVal,-0.008555405,zVal,0.0036618465
t_stamp,639068198301,xVal,0.026881283,yVal,-0.006108626,zVal,0.0024467793
t_stamp,639086864478,xVal,0.03054313,yVal,-0.006108626,zVal,0.0024467793
t_stamp,639105522976,xVal,0.03054313,yVal,-0.0048852363,zVal,0.0012233896
t_stamp,639124204023,xVal,0.029319739,yVal,-0.008555405,zVal,0.0024467793
t_stamp,639142876199,xVal,0.029319739,yVal,-0.008555405,zVal,0.0012233896
t_stamp,639161537271,xVal,0.029319739,yVal,-0.0097704725,zVal,0.0024467793
t_stamp,639180216230,xVal,0.03176652,yVal,-0.008555405,zVal,0.0012233896
t_stamp,639198874918,xVal,0.02809635,yVal,-0.0073320153,zVal,0.0024467793
t_stamp,639217528604,xVal,0.03054313,yVal,-0.0073320153,zVal,0.0012233896
t_stamp,639236194740,xVal,0.029319739,yVal,-0.008555405,zVal,0.0036618465
t_stamp,639254879360,xVal,0.02809635,yVal,-0.0097704725,zVal,0.0024467793
t_stamp,639273555918,xVal,0.03054313,yVal,-0.008555405,zVal,0.0024467793
t_stamp,639292208578,xVal,0.02809635,yVal,-0.0097704725,zVal,0.0024467793
t_stamp,639310875611,xVal,0.03054313,yVal,-0.008555405,zVal,0.0024467793
t_stamp,639329550527,xVal,0.02809635,yVal,-0.0097704725,zVal,0.0024467793
t_stamp,639348218442,xVal,0.03054313,yVal,-0.008555405,zVal,0.0012233896
t_stamp,639366885533,xVal,0.029319739,yVal,-0.0109938625,zVal,0.0024467793
t_stamp,639385548319,xVal,0.035428364,yVal,-0.0073320153,zVal,0.0012233896
t_stamp,639404216599,xVal,0.03176652,yVal,-0.006108626,zVal,0.0036618465
t_stamp,639422894082,xVal,0.025657892,yVal,-0.0109938625,zVal,0.0024467793
t_stamp,639441548090,xVal,0.02809635,yVal,-0.006108626,zVal,0.0024467793
t_stamp,639460239410,xVal,0.032989908,yVal,-0.0073320153,zVal,0.0024467793
t_stamp,639478892963,xVal,0.035428364,yVal,-0.0097704725,zVal,0.0036618465
t_stamp,639497562580,xVal,0.03054313,yVal,-0.0097704725,zVal,0.0024467793
t_stamp,639516230098,xVal,0.02809635,yVal,-0.008555405,zVal,0.0036618465
t_stamp,639534888261,xVal,0.029319739,yVal,-0.0073320153,zVal,0.006108626
t_stamp,639553557801,xVal,0.03054313,yVal,-0.0109938625,zVal,0.0024467793
t_stamp,639572224821,xVal,0.03054313,yVal,-0.0073320153,zVal,0.0024467793
t_stamp,639590892393,xVal,0.02809635,yVal,-0.0073320153,zVal,0.0048852363
t_stamp,639609549351,xVal,0.025657892,yVal,-0.0109938625,zVal,0.0024467793
t_stamp,639628236264,xVal,0.03054313,yVal,-0.008555405,zVal,0.0012233896
t_stamp,639646903936,xVal,0.03054313,yVal,-0.0073320153,zVal,0.0
t_stamp,639665572726,xVal,0.029319739,yVal,-0.008555405,zVal,0.0036618465
t_stamp,639684240190,xVal,0.029319739,yVal,-0.0073320153,zVal,0.0012233896
t_stamp,639702914793,xVal,0.03176652,yVal,-0.008555405,zVal,0.0012233896
t_stamp,639721581978,xVal,0.02809635,yVal,-0.0073320153,zVal,0.0012233896
t_stamp,639740246232,xVal,0.03054313,yVal,-0.008555405,zVal,0.0
t_stamp,639758903235,xVal,0.02809635,yVal,-0.0097704725,zVal,0.0012233896
t_stamp,639777571831,xVal,0.024434503,yVal,-0.006108626,zVal,0.0012233896
t_stamp,639796246720,xVal,0.029319739,yVal,-0.006108626,zVal,0.0012233896
t_stamp,639814922182,xVal,0.03176652,yVal,-0.0073320153,zVal,0.0012233896
t_stamp,639833562526,xVal,0.029319739,yVal,-0.008555405,zVal,0.0024467793
t_stamp,639851258814,xVal,0.03054313,yVal,-0.012217252,zVal,0.0
t_stamp,639869942462,xVal,0.03054313,yVal,-0.008555405,zVal,0.0012233896
t_stamp,639888620744,xVal,0.032989908,yVal,-0.0073320153,zVal,0.0036618465
t_stamp,639907260115,xVal,0.03054313,yVal,-0.0073320153,zVal,0.0012233896
t_stamp,639925925906,xVal,0.026881283,yVal,-0.0073320153,zVal,0.0012233896
t_stamp,639944618363,xVal,0.02809635,yVal,-0.008555405,zVal,0.0036618465
t_stamp,639963278914,xVal,0.02809635,yVal,-0.0073320153,zVal,0.0012233896
t_stamp,639981933412,xVal,0.03054313,yVal,-0.008555405,zVal,0.0012233896
t_stamp,640000598176,xVal,0.032989908,yVal,-0.012217252,zVal,0.0
t_stamp,640019270014,xVal,0.03054313,yVal,-0.0097704725,zVal,0.0024467793
t_stamp,640037948508,xVal,0.02809635,yVal,-0.0097704725,zVal,0.0012233896
t_stamp,640056616207,xVal,0.029319739,yVal,-0.0073320153,zVal,0.0024467793
t_stamp,640075288598,xVal,0.029319739,yVal,-0.008555405,zVal,0.0048852363
t_stamp,640093953708,xVal,0.03054313,yVal,-0.008555405,zVal,0.0024467793
t_stamp,640112614442,xVal,0.029319739,yVal,-0.0109938625,zVal,0.0036618465
t_stamp,640131279121,xVal,0.03176652,yVal,-0.0097704725,zVal,0.0012233896
t_stamp,640149955992,xVal,0.029319739,yVal,-0.008555405,zVal,0.0024467793
t_stamp,640168622913,xVal,0.03054313,yVal,-0.006108626,zVal,0.0036618465
t_stamp,640187289096,xVal,0.03054313,yVal,-0.0097704725,zVal,0.0024467793
t_stamp,640205953460,xVal,0.03054313,yVal,-0.0073320153,zVal,0.0024467793
t_stamp,640224638391,xVal,0.02809635,yVal,-0.006108626,zVal,0.0
t_stamp,640243300003,xVal,0.025657892,yVal,-0.008555405,zVal,0.0
t_stamp,640261962277,xVal,0.026881283,yVal,-0.008555405,zVal,0.0024467793
t_stamp,640280627766,xVal,0.029319739,yVal,-0.008555405,zVal,0.0024467793
t_stamp,640299302393,xVal,0.043983772,yVal,-0.006108626,zVal,0.0024467793
t_stamp,640317949160,xVal,0.029319739,yVal,-0.008555405,zVal,-0.0012233896
t_stamp,640336620760,xVal,0.032989908,yVal,-0.0097704725,zVal,0.0
t_stamp,640355313239,xVal,0.02809635,yVal,-0.008555405,zVal,0.0024467793
t_stamp,640373957730,xVal,0.026881283,yVal,-0.0097704725,zVal,0.0
t_stamp,640392648074,xVal,0.03054313,yVal,-0.008555405,zVal,0.0024467793
t_stamp,640411309583,xVal,0.03054313,yVal,-0.0097704725,zVal,0.0024467793
t_stamp,640429974783,xVal,0.024434503,yVal,-0.008555405,zVal,0.0
t_stamp,640448650716,xVal,0.02809635,yVal,-0.006108626,zVal,-0.0012233896
t_stamp,640467305166,xVal,0.021987725,yVal,-0.0097704725,zVal,0.0024467793
t_stamp,640485967763,xVal,0.021987725,yVal,-0.0073320153,zVal,0.0012233896
t_stamp,640504633816,xVal,0.03054313,yVal,-0.006108626,zVal,0.0036618465
t_stamp,640523306777,xVal,0.029319739,yVal,-0.0073320153,zVal,0.0024467793
t_stamp,640541980545,xVal,0.03176652,yVal,-0.0073320153,zVal,0.0036618465
t_stamp,640560642193,xVal,0.02809635,yVal,-0.0097704725,zVal,0.0012233896
t_stamp,640579390407,xVal,0.03176652,yVal,-0.008555405,zVal,0.0012233896
t_stamp,640597980308,xVal,0.03054313,yVal,-0.0097704725,zVal,0.0
t_stamp,640616633734,xVal,0.029319739,yVal,-0.0109938625,zVal,0.0024467793
t_stamp,640635311943,xVal,0.026881283,yVal,-0.012217252,zVal,0.0012233896
t_stamp,640653751614,xVal,0.018325878,yVal,-0.0109938625,zVal,0.0
t_stamp,640672414561,xVal,0.03176652,yVal,-0.008555405,zVal,0.0012233896
t_stamp,640691085858,xVal,0.032989908,yVal,-0.0073320153,zVal,0.0024467793
t_stamp,640709765014,xVal,0.032989908,yVal,-0.0073320153,zVal,0.0012233896
t_stamp,640728416126,xVal,0.02809635,yVal,-0.0073320153,zVal,0.0024467793
t_stamp,640747097367,xVal,0.02809635,yVal,-0.0073320153,zVal,0.0024467793
t_stamp,640765760689,xVal,0.026881283,yVal,-0.008555405,zVal,0.0024467793
t_stamp,640784407348,xVal,0.03054313,yVal,-0.0073320153,zVal,0.0024467793
t_stamp,640803095507,xVal,0.03176652,yVal,-0.0073320153,zVal,0.0024467793
t_stamp,640821750655,xVal,0.03054313,yVal,-0.0097704725,zVal,0.0012233896
t_stamp,640840420641,xVal,0.025657892,yVal,-0.008555405,zVal,0.0024467793
t_stamp,640859106158,xVal,0.026881283,yVal,-0.0048852363,zVal,0.0
t_stamp,640877764273,xVal,0.032989908,yVal,-0.0073320153,zVal,0.0024467793
t_stamp,640896419785,xVal,0.032989908,yVal,-0.008555405,zVal,0.0024467793
t_stamp,640915106942,xVal,0.03176652,yVal,-0.006108626,zVal,0.006108626
t_stamp,640933758055,xVal,0.025657892,yVal,-0.0073320153,zVal,0.0012233896
t_stamp,640952440969,xVal,0.023211114,yVal,-0.0097704725,zVal,0.0024467793
t_stamp,640971085657,xVal,0.020772656,yVal,-0.008555405,zVal,0.0024467793
t_stamp,640989781890,xVal,0.02809635,yVal,-0.0073320153,zVal,0.0024467793
t_stamp,641008445459,xVal,0.035428364,yVal,-0.008555405,zVal,0.0012233896
t_stamp,641027110855,xVal,0.026881283,yVal,-0.0097704725,zVal,0.0024467793
t_stamp,641045782459,xVal,0.029319739,yVal,-0.008555405,zVal,0.0036618465
t_stamp,641064446666,xVal,0.03054313,yVal,-0.008555405,zVal,0.0012233896
t_stamp,641083095927,xVal,0.03176652,yVal,-0.008555405,zVal,0.0
t_stamp,641101773621,xVal,0.03054313,yVal,-0.0097704725,zVal,0.0024467793
t_stamp,641120453034,xVal,0.03054313,yVal,-0.0097704725,zVal,0.0024467793
t_stamp,641139115887,xVal,0.034204975,yVal,-0.006108626,zVal,0.0036618465
t_stamp,641157766963,xVal,0.029319739,yVal,-0.0073320153,zVal,0.0024467793
t_stamp,641176444126,xVal,0.03054313,yVal,-0.008555405,zVal,0.0012233896
t_stamp,641195122133,xVal,0.029319739,yVal,-0.006108626,zVal,0.0024467793
t_stamp,641213787790,xVal,0.032989908,yVal,-0.006108626,zVal,0.0036618465
t_stamp,641232444966,xVal,0.03176652,yVal,-0.0073320153,zVal,0.0012233896
t_stamp,641251125566,xVal,0.03054313,yVal,-0.0073320153,zVal,0.0024467793
t_stamp,641269774681,xVal,0.02809635,yVal,-0.0073320153,zVal,0.0012233896
t_stamp,641288452584,xVal,0.029319739,yVal,-0.0097704725,zVal,0.0024467793
t_stamp,641307131267,xVal,0.024434503,yVal,-0.008555405,zVal,0.0036618465
t_stamp,641325800455,xVal,0.03176652,yVal,-0.0073320153,zVal,0.0012233896
t_stamp,641344440656,xVal,0.029319739,yVal,-0.0073320153,zVal,0.0
t_stamp,641363128870,xVal,0.03054313,yVal,-0.0073320153,zVal,0.0012233896
t_stamp,641381796784,xVal,0.03054313,yVal,-0.0073320153,zVal,0.0012233896
t_stamp,641400451045,xVal,0.03054313,yVal,-0.0109938625,zVal,0.0024467793
t_stamp,641419127790,xVal,0.03176652,yVal,-0.0097704725,zVal,0.0
t_stamp,641436884772,xVal,0.03054313,yVal,-0.008555405,zVal,0.0012233896
t_stamp,641455547499,xVal,0.029319739,yVal,-0.0097704725,zVal,0.0024467793
t_stamp,641474215188,xVal,0.02809635,yVal,-0.0109938625,zVal,0.0012233896
t_stamp,641492894927,xVal,0.02809635,yVal,-0.0073320153,zVal,0.0024467793
t_stamp,641511568372,xVal,0.02809635,yVal,-0.006108626,zVal,0.0012233896
t_stamp,641530217449,xVal,0.029319739,yVal,-0.0073320153,zVal,-0.0012233896
t_stamp,641548900243,xVal,0.029319739,yVal,-0.006108626,zVal,-0.0012233896
t_stamp,641567562472,xVal,0.029319739,yVal,-0.008555405,zVal,0.0024467793
t_stamp,641586219619,xVal,0.026881283,yVal,-0.0073320153,zVal,0.0012233896
t_stamp,641604880299,xVal,0.034204975,yVal,-0.008555405,zVal,0.0036618465
t_stamp,641623550621,xVal,0.029319739,yVal,-0.0097704725,zVal,0.0036618465
t_stamp,641642217843,xVal,0.029319739,yVal,-0.008555405,zVal,0.0012233896
t_stamp,641660907063,xVal,0.024434503,yVal,-0.008555405,zVal,0.0024467793
t_stamp,641679642745,xVal,0.029319739,yVal,-0.0073320153,zVal,0.0012233896
t_stamp,641698246511,xVal,0.026881283,yVal,-0.0097704725,zVal,0.0024467793
t_stamp,641716897215,xVal,0.029319739,yVal,-0.008555405,zVal,0.0012233896
t_stamp,641735556021,xVal,0.03176652,yVal,-0.0097704725,zVal,0.0024467793
t_stamp,641754247380,xVal,0.032989908,yVal,-0.0097704725,zVal,0.0012233896
t_stamp,641772892779,xVal,0.03054313,yVal,-0.0097704725,zVal,0.0024467793
t_stamp,641791564181,xVal,0.034204975,yVal,-0.008555405,zVal,0.0
t_stamp,641810227812,xVal,0.029319739,yVal,-0.0073320153,zVal,0.0
t_stamp,641828891655,xVal,0.02809635,yVal,-0.0073320153,zVal,0.0024467793
t_stamp,641847587943,xVal,0.029319739,yVal,-0.0097704725,zVal,0.0024467793
t_stamp,641866247291,xVal,0.029319739,yVal,-0.006108626,zVal,0.0012233896
t_stamp,641884911704,xVal,0.03054313,yVal,-0.0073320153,zVal,0.0024467793
t_stamp,641903590907,xVal,0.029319739,yVal,-0.008555405,zVal,0.0036618465
t_stamp,641922253828,xVal,0.029319739,yVal,-0.0073320153,zVal,0.0024467793
t_stamp,641940921750,xVal,0.02809635,yVal,-0.006108626,zVal,0.0024467793
t_stamp,641959589626,xVal,0.03054313,yVal,-0.0073320153,zVal,0.0012233896
t_stamp,641978258996,xVal,0.029319739,yVal,-0.006108626,zVal,0.0024467793
t_stamp,641996909044,xVal,0.029319739,yVal,-0.008555405,zVal,0.0024467793
t_stamp,642015596376,xVal,0.03054313,yVal,-0.0073320153,zVal,0.0
t_stamp,642034237699,xVal,0.03176652,yVal,-0.0097704725,zVal,0.0012233896
t_stamp,642052909409,xVal,0.029319739,yVal,-0.008555405,zVal,0.0012233896
t_stamp,642071575289,xVal,0.024434503,yVal,-0.008555405,zVal,0.0024467793
t_stamp,642090251780,xVal,0.025657892,yVal,-0.0097704725,zVal,0.0
t_stamp,642108915157,xVal,0.026881283,yVal,-0.012217252,zVal,0.0012233896
t_stamp,642127602125,xVal,0.02809635,yVal,-0.0109938625,zVal,0.0024467793
t_stamp,642146271467,xVal,0.03054313,yVal,-0.008555405,zVal,0.0036618465
t_stamp,642164914295,xVal,0.02809635,yVal,-0.0097704725,zVal,0.0012233896
t_stamp,642183600684,xVal,0.03054313,yVal,-0.012217252,zVal,0.0012233896
t_stamp,642202255305,xVal,0.02809635,yVal,-0.008555405,zVal,0.0024467793
t_stamp,642220943024,xVal,0.029319739,yVal,-0.0109938625,zVal,0.0012233896
t_stamp,642239694237,xVal,0.023211114,yVal,-0.006108626,zVal,0.0024467793
t_stamp,642258347677,xVal,0.025657892,yVal,-0.008555405,zVal,0.0036618465
t_stamp,642277009287,xVal,0.029319739,yVal,-0.008555405,zVal,0.0012233896
t_stamp,642295704803,xVal,0.035428364,yVal,-0.0097704725,zVal,0.0012233896
t_stamp,642314354388,xVal,0.035428364,yVal,-0.0073320153,zVal,0.0012233896
t_stamp,642333021255,xVal,0.025657892,yVal,-0.0073320153,zVal,0.0
t_stamp,642351682736,xVal,0.025657892,yVal,-0.008555405,zVal,0.0
t_stamp,642370360704,xVal,0.021987725,yVal,-0.0097704725,zVal,0.0012233896
t_stamp,642389032639,xVal,0.025657892,yVal,-0.0073320153,zVal,0.006108626
t_stamp,642407710629,xVal,0.02809635,yVal,-0.008555405,zVal,0.0036618465
t_stamp,642426356419,xVal,0.02809635,yVal,-0.0073320153,zVal,0.0036618465
t_stamp,642445026140,xVal,0.025657892,yVal,-0.0073320153,zVal,0.0036618465
t_stamp,642463716444,xVal,0.02809635,yVal,-0.008555405,zVal,0.0036618465
t_stamp,642482372996,xVal,0.029319739,yVal,-0.0097704725,zVal,0.0012233896
t_stamp,642501050807,xVal,0.029319739,yVal,-0.0073320153,zVal,-0.0012233896
t_stamp,642519708117,xVal,0.029319739,yVal,-0.008555405,zVal,0.0012233896
t_stamp,642538365977,xVal,0.032989908,yVal,-0.0073320153,zVal,0.0012233896
t_stamp,642557029400,xVal,0.03176652,yVal,-0.008555405,zVal,0.0024467793
t_stamp,642575724171,xVal,0.029319739,yVal,-0.008555405,zVal,0.0012233896
t_stamp,642594386053,xVal,0.026881283,yVal,-0.0097704725,zVal,0.0
t_stamp,642613044254,xVal,0.02809635,yVal,-0.008555405,zVal,0.0036618465
t_stamp,642631705344,xVal,0.03176652,yVal,-0.0097704725,zVal,0.0036618465
t_stamp,642650384997,xVal,0.03176652,yVal,-0.0097704725,zVal,0.0036618465
t_stamp,642669033394,xVal,0.02809635,yVal,-0.0073320153,zVal,0.0012233896
t_stamp,642687711449,xVal,0.032989908,yVal,-0.008555405,zVal,0.0
t_stamp,642706390457,xVal,0.03054313,yVal,-0.0109938625,zVal,0.0012233896
t_stamp,642725063679,xVal,0.029319739,yVal,-0.0073320153,zVal,0.0012233896
t_stamp,642743731386,xVal,0.024434503,yVal,-0.006108626,zVal,0.0036618465
t_stamp,642762379925,xVal,0.029319739,yVal,-0.0073320153,zVal,0.0036618465
t_stamp,642781046366,xVal,0.03054313,yVal,-0.008555405,zVal,0.0048852363
t_stamp,642799729665,xVal,0.03176652,yVal,-0.008555405,zVal,0.006108626
t_stamp,642818382381,xVal,0.02809635,yVal,-0.0073320153,zVal,0.0024467793
t_stamp,642837057875,xVal,0.03176652,yVal,-0.008555405,zVal,0.0024467793
t_stamp,642855723690,xVal,0.02809635,yVal,-0.008555405,zVal,0.0012233896
t_stamp,642874405816,xVal,0.026881283,yVal,-0.0109938625,zVal,0.0036618465
t_stamp,642893051669,xVal,0.02809635,yVal,-0.0073320153,zVal,0.0012233896
t_stamp,642911730303,xVal,0.029319739,yVal,-0.0073320153,zVal,0.0012233896
t_stamp,642930401890,xVal,0.03176652,yVal,-0.0097704725,zVal,0.0024467793
t_stamp,642949062347,xVal,0.03054313,yVal,-0.008555405,zVal,0.0024467793
t_stamp,642967735045,xVal,0.029319739,yVal,-0.008555405,zVal,0.0024467793
t_stamp,642986409109,xVal,0.03054313,yVal,-0.008555405,zVal,0.0012233896
t_stamp,643005057435,xVal,0.035428364,yVal,-0.0097704725,zVal,0.0
t_stamp,643023723926,xVal,0.02809635,yVal,-0.0097704725,zVal,0.0012233896
t_stamp,643043056297,xVal,0.032989908,yVal,-0.008555405,zVal,0.0036618465
t_stamp,643061703629,xVal,0.04153699,yVal,-0.0073320153,zVal,0.0024467793
t_stamp,643080379006,xVal,0.034204975,yVal,-0.0073320153,zVal,0.0024467793
t_stamp,643099047560,xVal,0.026881283,yVal,-0.0073320153,zVal,0.0024467793
t_stamp,643117731100,xVal,0.026881283,yVal,-0.0097704725,zVal,0.0024467793
t_stamp,643136373001,xVal,0.021987725,yVal,-0.008555405,zVal,0.0
t_stamp,643155051427,xVal,0.03176652,yVal,-0.0073320153,zVal,0.0024467793
t_stamp,643173723392,xVal,0.034204975,yVal,-0.0097704725,zVal,0.0012233896
t_stamp,643192402033,xVal,0.029319739,yVal,-0.0097704725,zVal,0.0024467793
t_stamp,643211066696,xVal,0.025657892,yVal,-0.008555405,zVal,0.0024467793
t_stamp,643229733215,xVal,0.026881283,yVal,-0.0073320153,zVal,0.0024467793
t_stamp,643248404450,xVal,0.026881283,yVal,-0.0097704725,zVal,0.0024467793
t_stamp,643267072529,xVal,0.02809635,yVal,-0.0097704725,zVal,0.0012233896
t_stamp,643285736577,xVal,0.029319739,yVal,-0.0073320153,zVal,0.0036618465
t_stamp,643304399209,xVal,0.03054313,yVal,-0.006108626,zVal,0.0036618465
t_stamp,643323061629,xVal,0.03176652,yVal,-0.0073320153,zVal,0.0012233896
t_stamp,643341731461,xVal,0.02809635,yVal,-0.0097704725,zVal,0.0
t_stamp,643360404728,xVal,0.029319739,yVal,-0.0073320153,zVal,0.0024467793
t_stamp,643379076589,xVal,0.024434503,yVal,-0.008555405,zVal,0.0024467793
t_stamp,643397719797,xVal,0.025657892,yVal,-0.008555405,zVal,0.0024467793
t_stamp,643416388585,xVal,0.025657892,yVal,-0.0109938625,zVal,0.0024467793
t_stamp,643435052671,xVal,0.029319739,yVal,-0.0073320153,zVal,0.0036618465
t_stamp,643453728080,xVal,0.029319739,yVal,-0.0097704725,zVal,0.0024467793
t_stamp,643472407069,xVal,0.03176652,yVal,-0.0097704725,zVal,0.0036618465
t_stamp,643491057761,xVal,0.026881283,yVal,-0.0097704725,zVal,0.0
t_stamp,643509737913,xVal,0.029319739,yVal,-0.0097704725,zVal,0.0012233896
t_stamp,643528417244,xVal,0.02809635,yVal,-0.008555405,zVal,0.0024467793
t_stamp,643547082997,xVal,0.029319739,yVal,-0.0073320153,zVal,0.0012233896
t_stamp,643565738620,xVal,0.02809635,yVal,-0.0073320153,zVal,0.0024467793
t_stamp,643584394391,xVal,0.025657892,yVal,-0.008555405,zVal,0.0048852363
t_stamp,643603087768,xVal,0.025657892,yVal,-0.006108626,zVal,0.0024467793
t_stamp,643621756066,xVal,0.026881283,yVal,-0.0073320153,zVal,0.0012233896
t_stamp,643640417458,xVal,0.02809635,yVal,-0.0097704725,zVal,0.0036618465
t_stamp,643659081027,xVal,0.02809635,yVal,-0.006108626,zVal,0.0036618465
t_stamp,643677756919,xVal,0.029319739,yVal,-0.0073320153,zVal,0.0024467793
t_stamp,643696427224,xVal,0.029319739,yVal,-0.008555405,zVal,0.0024467793
t_stamp,643715098889,xVal,0.03176652,yVal,-0.008555405,zVal,0.0012233896
t_stamp,643733765579,xVal,0.03176652,yVal,-0.0097704725,zVal,0.0024467793
t_stamp,643752408543,xVal,0.02809635,yVal,-0.008555405,zVal,0.0024467793
t_stamp,643771079831,xVal,0.029319739,yVal,-0.0073320153,zVal,0.0024467793
t_stamp,643789769898,xVal,0.029319739,yVal,-0.008555405,zVal,0.0012233896
t_stamp,643808417845,xVal,0.026881283,yVal,-0.0097704725,zVal,0.0012233896
t_stamp,643826052023,xVal,0.029319739,yVal,-0.008555405,zVal,0.0036618465
t_stamp,643844702376,xVal,0.026881283,yVal,-0.008555405,zVal,0.0024467793
t_stamp,643863360789,xVal,0.02809635,yVal,-0.006108626,zVal,0.0036618465
t_stamp,643882049443,xVal,0.026881283,yVal,-0.006108626,zVal,0.0012233896
t_stamp,643900701880,xVal,0.02809635,yVal,-0.0073320153,zVal,0.0
t_stamp,643919387279,xVal,0.029319739,yVal,-0.008555405,zVal,0.0012233896
t_stamp,643938038794,xVal,0.02809635,yVal,-0.0073320153,zVal,0.0012233896
t_stamp,643956704025,xVal,0.029319739,yVal,-0.0097704725,zVal,0.0024467793
t_stamp,643975376572,xVal,0.03054313,yVal,-0.0073320153,zVal,0.0012233896
t_stamp,643994044262,xVal,0.03054313,yVal,-0.006108626,zVal,0.0024467793
t_stamp,644012708892,xVal,0.037875146,yVal,-0.0048852363,zVal,0.0024467793
t_stamp,644031372416,xVal,0.04642223,yVal,-0.006108626,zVal,0.0012233896
t_stamp,644050061529,xVal,0.035428364,yVal,-0.008555405,zVal,0.0024467793
t_stamp,644068708696,xVal,0.025657892,yVal,-0.0097704725,zVal,0.0012233896
t_stamp,644087392957,xVal,0.03054313,yVal,-0.0097704725,zVal,0.0024467793
t_stamp,644106059673,xVal,0.03176652,yVal,-0.0073320153,zVal,0.0
t_stamp,644124730068,xVal,0.029319739,yVal,-0.008555405,zVal,-0.0012233896
t_stamp,644143374702,xVal,0.02809635,yVal,-0.0073320153,zVal,0.0
t_stamp,644162059160,xVal,0.02809635,yVal,-0.006108626,zVal,0.0024467793
t_stamp,644180733494,xVal,0.026881283,yVal,-0.0073320153,zVal,0.0024467793
t_stamp,644199392333,xVal,0.026881283,yVal,-0.0073320153,zVal,0.0024467793
t_stamp,644218051492,xVal,0.02809635,yVal,-0.0073320153,zVal,0.0012233896
t_stamp,644236735897,xVal,0.029319739,yVal,-0.0073320153,zVal,0.0
t_stamp,644255384529,xVal,0.03054313,yVal,-0.008555405,zVal,0.0012233896
t_stamp,644274048521,xVal,0.029319739,yVal,-0.0073320153,zVal,0.0012233896
t_stamp,644292719738,xVal,0.043983772,yVal,-0.008555405,zVal,0.0024467793
t_stamp,644311407852,xVal,0.035428364,yVal,-0.008555405,zVal,0.0024467793
t_stamp,644330053443,xVal,0.026881283,yVal,-0.0097704725,zVal,0.0024467793
t_stamp,644348721753,xVal,0.024434503,yVal,-0.0097704725,zVal,0.0012233896
t_stamp,644367393297,xVal,0.02809635,yVal,-0.006108626,zVal,0.0024467793
t_stamp,644386071674,xVal,0.03054313,yVal,-0.0073320153,zVal,0.0024467793
t_stamp,644404727121,xVal,0.029319739,yVal,-0.008555405,zVal,0.0024467793
t_stamp,644423410811,xVal,0.02809635,yVal,-0.0073320153,zVal,0.0
t_stamp,644442060735,xVal,0.025657892,yVal,-0.008555405,zVal,0.0012233896
t_stamp,644460728071,xVal,0.029319739,yVal,-0.008555405,zVal,0.0012233896
t_stamp,644479410804,xVal,0.03054313,yVal,-0.008555405,zVal,0.0012233896
t_stamp,644498076941,xVal,0.02809635,yVal,-0.0073320153,zVal,0.0024467793
t_stamp,644516750712,xVal,0.03176652,yVal,-0.008555405,zVal,0.0024467793
t_stamp,644535412009,xVal,0.032989908,yVal,-0.0097704725,zVal,0.0036618465
t_stamp,644554081220,xVal,0.025657892,yVal,-0.006108626,zVal,0.0036618465
t_stamp,644572734631,xVal,0.02809635,yVal,-0.006108626,zVal,0.0048852363
t_stamp,644591415632,xVal,0.026881283,yVal,-0.008555405,zVal,0.0012233896
t_stamp,644610077277,xVal,0.029319739,yVal,-0.0097704725,zVal,0.0012233896
